{"type":"FeatureCollection","features":[{"type":"Feature","properties":{},"geometry":{"type":"LineString","coordinates":[[11.437511,58.991721],[11.400937,59.025907],[11.376752,59.078824],[11.358252,59.10027],[11.316807,59.106471],[11.259343,59.104094],[11.203533,59.099133],[11.165396,59.088642],[11.132013,59.072778],[11.117233,59.052727],[11.101937,59.00255],[11.089741,58.981311],[11.054291,58.96126],[10.907013,58.93692]]}},{"type":"Feature","properties":{},"geometry":{"type":"MultiLineString","coordinates":[[[8.394092,55.096328],[8.452383,55.071472],[8.466232,55.058863],[8.471296,55.046047],[8.47264,55.015713],[8.476774,55.003879],[8.487109,54.993285],[8.487833,54.993182],[8.488556,54.993027],[8.48928,54.992717],[8.4899,54.992252],[8.528347,54.982743],[8.542507,54.973441],[8.547778,54.954993],[8.549121,54.932772],[8.555426,54.919595],[8.568862,54.912877],[8.660776,54.896311],[8.660816,54.896304]],[[9.437503,54.810411],[9.437536,54.810426],[9.585647,54.878564],[9.592055,54.874481],[9.595362,54.865076],[9.604664,54.854224],[9.638667,54.837843],[9.679078,54.827507],[9.760417,54.819394],[9.885474,54.830815],[9.923818,54.824097],[10.038746,54.768028]]]}},{"type":"Feature","properties":{},"geometry":{"type":"LineString","coordinates":[[14.263901,53.699976],[14.263902,53.699979],[14.277195,53.735119],[14.263449,53.780129],[14.232133,53.817543],[14.201326,53.877177]]}},{"type":"Feature","properties":{},"geometry":{"type":"LineString","coordinates":[[20.989431,55.273116],[20.989433,55.273116],[21.208658,55.240867],[21.245762,55.244846],[21.267453,55.24864]]}},{"type":"Feature","properties":{},"geometry":{"type":"MultiLineString","coordinates":[[[25.1833,51.94975],[25.351971,51.921483],[25.547396,51.919442],[25.683476,51.918021]],[[24.721829,51.882338],[25.002742,51.910476],[25.092659,51.939751],[25.138031,51.948949],[25.1833,51.94975]],[[25.767915,51.928511],[25.981132,51.903474]],[[25.683476,51.918021],[25.767915,51.928511]],[[26.050585,51.904817],[26.080764,51.900657],[26.14536,51.864846],[26.175332,51.856707],[26.407773,51.850609],[26.419762,51.846862],[26.419968,51.839731],[26.416971,51.830636],[26.419245,51.820921],[26.431544,51.810224],[26.4456,51.805599],[26.665741,51.801387],[26.854774,51.749349],[26.920816,51.742528]],[[25.981132,51.903474],[26.050585,51.904817]],[[24.639767,51.892131],[24.701055,51.882907],[24.721829,51.882338]],[[23.941308,51.581917],[23.981306,51.586],[24.130754,51.669793],[24.244132,51.718214],[24.272347,51.742889],[24.296119,51.808131],[24.311518,51.827561],[24.347898,51.861151],[24.369602,51.875103],[24.39079,51.880013],[24.639767,51.892131]],[[27.021585,51.764542],[27.109952,51.762423],[27.151086,51.756764],[27.177855,51.747075],[27.184159,51.731443],[27.181472,51.710126],[27.181059,51.68341],[27.189017,51.663773],[27.20359,51.655143],[27.22364,51.653696]],[[26.920816,51.742528],[27.021585,51.764542]],[[27.247928,51.655659],[27.277487,51.651138],[27.27449,51.6338],[27.25971,51.612303],[27.254026,51.595379],[27.267462,51.587498]],[[27.22364,51.653696],[27.247928,51.655659]],[[28.21004,51.651965],[28.2304,51.651138],[28.245128,51.640622],[28.248901,51.630596],[28.248384,51.622096],[28.249366,51.613078],[28.257789,51.601761],[28.269726,51.594268],[28.29851,51.582977],[28.310912,51.57445],[28.317424,51.56396],[28.328172,51.536364],[28.333857,51.52838],[28.346879,51.525151]],[[28.070824,51.557629],[28.090151,51.562048],[28.114232,51.575613],[28.146685,51.614396],[28.166218,51.633103],[28.187612,51.645195],[28.21004,51.651965]],[[23.726231,51.644859],[23.749692,51.644472],[23.820282,51.631268],[23.845293,51.629821],[23.884878,51.619874],[23.912886,51.598583],[23.941308,51.581917]],[[23.615437,51.51311],[23.624118,51.515901],[23.628666,51.531223],[23.626289,51.540886],[23.599107,51.588971],[23.593319,51.596955],[23.594353,51.604965],[23.606445,51.618117],[23.616677,51.624783],[23.628976,51.629046],[23.726231,51.644859]],[[29.083682,51.631217],[29.123886,51.625041],[29.147967,51.615636],[29.160421,51.603311],[29.181453,51.567009],[29.214836,51.53546],[29.226515,51.519053],[29.230443,51.492879],[29.221038,51.466963],[29.227756,51.45562],[29.244395,51.447894],[29.264859,51.432908],[29.276125,51.413581],[29.2846,51.391748],[29.297002,51.373713],[29.319946,51.365574]],[[28.728768,51.401256],[28.746751,51.413995],[28.751609,51.428748],[28.749439,51.46686],[28.752229,51.483706],[28.771866,51.511276],[28.799875,51.532618],[28.831914,51.548276],[28.863643,51.558921],[28.892892,51.562874],[28.954594,51.563262],[28.980846,51.569463],[28.999966,51.582408],[29.023634,51.614034],[29.043581,51.626178],[29.063218,51.630596],[29.083682,51.631217]],[[27.477268,51.623672],[27.512305,51.623129],[27.512426,51.623099],[27.620619,51.595896],[27.676842,51.59481],[27.692655,51.589229],[27.705161,51.568352],[27.697306,51.543186],[27.66413,51.492853],[27.666182,51.490194],[27.670331,51.484817],[27.683767,51.475515],[27.700045,51.467531],[27.714256,51.463707]],[[27.388385,51.590728],[27.409004,51.59171],[27.430966,51.598428],[27.458768,51.617496],[27.477268,51.623672]],[[27.854196,51.615326],[27.87559,51.60804],[27.936051,51.567009],[27.954758,51.560782],[27.973155,51.55781],[28.070824,51.557629]],[[27.714256,51.463707],[27.730121,51.465154],[27.74056,51.471407],[27.787327,51.510914],[27.792546,51.517296],[27.797145,51.530603],[27.796267,51.541532],[27.793735,51.552307],[27.793218,51.565019],[27.799522,51.585199],[27.812545,51.602019],[27.831252,51.612923],[27.854196,51.615326]],[[27.32906,51.596955],[27.388385,51.590728]],[[27.267462,51.587498],[27.289269,51.588971],[27.32906,51.596955]],[[28.488369,51.572021],[28.578079,51.56011],[28.603918,51.553547],[28.612703,51.53993],[28.615183,51.51957],[28.630893,51.46363],[28.637301,51.449626],[28.647016,51.439006],[28.663552,51.433993]],[[28.346879,51.525151],[28.359643,51.529362],[28.385533,51.545046],[28.435349,51.56613],[28.461239,51.571659],[28.488369,51.572021]],[[23.606238,51.517399],[23.615437,51.51311]],[[29.660804,51.493137],[29.682715,51.491199],[29.699975,51.483706],[29.716511,51.465671],[29.725296,51.450452],[29.737905,51.439497],[29.828649,51.429963]],[[29.446399,51.384901],[29.466294,51.385056],[29.480867,51.401256],[29.495543,51.425648],[29.505465,51.437456],[29.519004,51.441797],[29.545049,51.443657],[29.5682,51.449626],[29.583186,51.460813],[29.597345,51.473965],[29.618016,51.485644],[29.637756,51.490889],[29.660804,51.493137]],[[29.912572,51.457429],[29.925077,51.457868],[29.985745,51.477867],[30.00869,51.482078]],[[29.886268,51.464793],[29.896552,51.464198],[29.912572,51.457429]],[[29.828649,51.429963],[29.846633,51.432908],[29.856761,51.439859],[29.873608,51.459186],[29.886268,51.464793]],[[28.691148,51.443424],[28.703963,51.442623],[28.711095,51.430247],[28.718226,51.411618],[28.728768,51.401256]],[[28.663552,51.433993],[28.677918,51.438076],[28.691148,51.443424]],[[29.402732,51.39614],[29.446399,51.384901]],[[29.319946,51.365574],[29.340565,51.370096],[29.35326,51.377055],[29.379684,51.391541],[29.402732,51.39614]]]}},{"type":"Feature","properties":{},"geometry":{"type":"MultiLineString","coordinates":[[[26.542338,55.307581],[26.525388,55.308098],[26.465754,55.320862],[26.450044,55.327063],[26.445496,55.337502],[26.455212,55.356105],[26.479086,55.381375],[26.486011,55.390832],[26.49924,55.428091],[26.507818,55.439149],[26.543268,55.459613],[26.546472,55.471241],[26.527662,55.492169],[26.532106,55.516251],[26.55164,55.534492],[26.576134,55.550564],[26.595565,55.56803],[26.605177,55.590096],[26.607657,55.616451],[26.603833,55.643271],[26.594531,55.666991]],[[26.578925,55.118549],[26.600939,55.120823],[26.616339,55.135395],[26.627501,55.164438],[26.633909,55.192188],[26.641143,55.202833],[26.656956,55.215339],[26.685689,55.231617],[26.701088,55.236836],[26.739901,55.242776],[26.76558,55.246706],[26.789661,55.257197],[26.80072,55.27332],[26.791574,55.290166],[26.768629,55.300243],[26.602696,55.316883]],[[26.602696,55.316883],[26.542338,55.307581]],[[26.473402,55.145679],[26.578925,55.118549]],[[26.420278,55.128109],[26.428753,55.128212],[26.438572,55.130021],[26.444773,55.133948],[26.450664,55.13984],[26.459139,55.144749],[26.473402,55.145679]],[[26.309484,55.144645],[26.420278,55.128109]],[[25.981132,54.942694],[26.102572,54.957008],[26.138642,54.968946],[26.153628,54.978506],[26.170325,54.99326],[26.187838,55.008736],[26.224631,55.054884],[26.229386,55.06341],[26.231246,55.075451],[26.230316,55.100255],[26.233003,55.111624],[26.264422,55.140098],[26.309484,55.144645]],[[25.907855,54.948068],[25.926148,54.947758],[25.962529,54.942901],[25.981132,54.942694]],[[25.564,54.303146],[25.542296,54.308056],[25.528653,54.320975],[25.529997,54.346141],[25.548807,54.367742],[25.594696,54.400091],[25.612576,54.421796],[25.616296,54.441071],[25.615573,54.461896],[25.619914,54.488096],[25.630869,54.508354],[25.646165,54.520394],[25.70735,54.54153],[25.726471,54.55295],[25.740423,54.568505],[25.745591,54.5884],[25.739906,54.607727],[25.715102,54.643229],[25.708384,54.663021],[25.709521,54.67563],[25.713862,54.685552],[25.719133,54.69475],[25.72306,54.705344],[25.72461,54.715679],[25.7212,54.766736],[25.7243,54.78012],[25.734946,54.78906],[25.756753,54.800377],[25.766571,54.803271],[25.773393,54.803374],[25.778457,54.805286],[25.782901,54.81371],[25.782281,54.821978],[25.773703,54.841925],[25.772256,54.850865],[25.782695,54.869675],[25.802538,54.881612],[25.825793,54.891999],[25.84667,54.90621],[25.853078,54.916442],[25.854835,54.925486],[25.858452,54.932979],[25.870234,54.938818],[25.907855,54.948068]],[[25.723267,54.280977],[25.719236,54.281546],[25.715412,54.285215],[25.704766,54.302991],[25.701769,54.312758],[25.695981,54.320975],[25.682339,54.325626]],[[25.682339,54.325626],[25.667353,54.3233],[25.607408,54.304852],[25.564,54.303146]],[[25.459355,54.298909],[25.472068,54.297152],[25.478682,54.293328],[25.483488,54.287695],[25.553975,54.231265],[25.5455,54.227492]],[[25.287583,54.245217],[25.369748,54.247904],[25.394036,54.257154],[25.434137,54.291829],[25.459355,54.298909]],[[25.728124,54.145223],[25.74001,54.146257],[25.763057,54.156437],[25.771016,54.172147],[25.771946,54.21788],[25.775046,54.22248],[25.786829,54.231781],[25.789206,54.236225],[25.786622,54.242323],[25.781764,54.244442],[25.776287,54.245631],[25.772256,54.248938],[25.765641,54.259997],[25.757786,54.268988],[25.748898,54.276326],[25.739286,54.282579],[25.734739,54.283199]],[[25.734739,54.283199],[25.723267,54.280977]],[[25.224124,54.25855],[25.287583,54.245217]],[[25.027133,54.12786],[25.071989,54.132201],[25.115603,54.148789],[25.156531,54.175712],[25.173068,54.19659],[25.193532,54.243667],[25.206244,54.256793],[25.224124,54.25855]],[[25.5455,54.227492],[25.522142,54.228629]],[[25.522142,54.228629],[25.501678,54.221756],[25.499301,54.211834],[25.523382,54.204238],[25.528963,54.195659],[25.521729,54.188218],[25.493203,54.18243],[25.485762,54.175402],[25.493307,54.157522],[25.516044,54.144758],[25.543019,54.136955],[25.631593,54.128325]],[[24.902283,54.149771],[24.948275,54.145895],[25.027133,54.12786]],[[24.723896,53.963426],[24.788698,53.969678],[24.806372,53.975311],[24.819084,53.992313],[24.819187,53.992416],[24.819291,53.992519],[24.819394,53.992571],[24.821358,54.019908],[24.81247,54.038925],[24.799034,54.05603],[24.787148,54.077631],[24.782497,54.092875],[24.784254,54.096234],[24.790559,54.096596],[24.799447,54.10321],[24.818154,54.110135],[24.818671,54.113959],[24.81743,54.120625],[24.817534,54.128222],[24.821565,54.134526],[24.850984,54.144951],[24.855981,54.146722],[24.902283,54.149771]],[[25.690607,54.148221],[25.728124,54.145223]],[[25.631593,54.128325],[25.653503,54.128739],[25.663942,54.132356],[25.679755,54.145327],[25.690607,54.148221]],[[24.670566,53.994276],[24.674287,53.993708],[24.677904,53.992313],[24.690823,53.972831],[24.705603,53.964201],[24.723896,53.963426]],[[24.377871,53.886841],[24.414044,53.897693],[24.528663,53.958361],[24.579099,53.975621],[24.642971,53.983011],[24.666845,53.993863],[24.670566,53.994276]],[[24.169615,53.95893],[24.201137,53.95247],[24.229146,53.932368],[24.246406,53.903636],[24.257051,53.894024],[24.276378,53.891802]],[[23.981306,53.930404],[24.045385,53.930869],[24.074943,53.935727],[24.136748,53.955416],[24.169615,53.95893]],[[23.919811,53.947768],[23.935417,53.943944],[23.964873,53.93273],[23.981306,53.930404]],[[23.820592,53.919294],[23.828344,53.920069],[23.904721,53.946062],[23.919811,53.947768]],[[23.485625,53.939293],[23.520145,53.93397],[23.609959,53.901827],[23.627116,53.89821]],[[23.787209,53.927924],[23.794134,53.927097],[23.812117,53.920844],[23.820592,53.919294]],[[23.627116,53.89821],[23.642618,53.898985],[23.691918,53.911491],[23.754446,53.916762],[23.77181,53.924307],[23.787209,53.927924]],[[24.310175,53.892681],[24.341904,53.887048],[24.377871,53.886841]],[[24.276378,53.891802],[24.310175,53.892681]]]}},{"type":"Feature","properties":{},"geometry":{"type":"MultiLineString","coordinates":[[[14.319363,51.040012],[14.35657,51.032338],[14.364115,51.027998],[14.369386,51.022442],[14.375897,51.01699],[14.386749,51.01327],[14.397808,51.013115]],[[14.346545,50.880203],[14.375897,50.895964],[14.381892,50.920872],[14.355227,50.930639],[14.31833,50.937512],[14.292802,50.95348],[14.293732,50.96397],[14.302207,50.967691],[14.303757,50.969707],[14.28381,50.974822],[14.250013,50.977613],[14.238335,50.982471],[14.249497,50.992651],[14.263553,51.021435],[14.287531,51.036834],[14.319363,51.040012]],[[14.482144,51.037196],[14.487932,51.028721],[14.490102,51.022701],[14.493513,51.016706],[14.502918,51.008516],[14.51532,51.003038],[14.542295,50.998749],[14.554594,50.992651],[14.566687,50.983401],[14.574335,50.975494],[14.577435,50.965727],[14.575575,50.95069],[14.567824,50.938649],[14.555835,50.924283],[14.550357,50.912087],[14.561829,50.906351]],[[14.462094,51.019652],[14.473462,51.023372],[14.482144,51.037196]],[[14.425817,51.020944],[14.462094,51.019652]],[[14.397808,51.013115],[14.425817,51.020944]],[[14.617123,50.920872],[14.629215,50.920717],[14.634589,50.9094],[14.628802,50.896119],[14.611852,50.870953],[14.608338,50.853073],[14.613195,50.84558],[14.647922,50.839379],[14.662185,50.834366],[14.700425,50.815969],[14.737529,50.810698],[14.759233,50.810181]],[[14.561829,50.906351],[14.617123,50.920872]],[[14.2681,50.88413],[14.346545,50.880203]],[[14.015713,50.801758],[14.034936,50.802585],[14.190792,50.847905],[14.202988,50.85514],[14.221281,50.872607],[14.232133,50.879376],[14.2681,50.88413]],[[14.759233,50.810181],[14.775356,50.812972],[14.785071,50.820052],[14.79458,50.831627],[14.810393,50.858447]],[[13.979126,50.804755],[14.015713,50.801758]],[[13.910706,50.778762],[13.923315,50.779951],[13.933547,50.784808],[13.948843,50.797211],[13.959592,50.802068],[13.979126,50.804755]],[[13.900991,50.780622],[13.910706,50.778762]],[[13.816552,50.72135],[13.834535,50.723675],[13.863474,50.735147],[13.869572,50.735251],[13.875359,50.736542],[13.882181,50.742744],[13.882697,50.748015],[13.88032,50.755043],[13.87908,50.763518],[13.883318,50.773233],[13.892516,50.780416],[13.900991,50.780622]],[[13.770663,50.724605],[13.816552,50.72135]],[[13.691753,50.711841],[13.711028,50.71427],[13.749062,50.72321],[13.770663,50.724605]],[[13.601939,50.712151],[13.691753,50.711841]],[[13.42934,50.594329],[13.447944,50.597274],[13.464893,50.607093],[13.482257,50.620891],[13.492179,50.624456],[13.498173,50.629159],[13.499103,50.635205],[13.493315,50.643215],[13.509955,50.651225],[13.523288,50.66218],[13.527215,50.675668],[13.51564,50.691016],[13.556567,50.706725],[13.601939,50.712151]],[[13.368775,50.628332],[13.380971,50.62549],[13.386345,50.621614],[13.400401,50.606576],[13.407016,50.601305],[13.42934,50.594329]],[[13.284646,50.568956],[13.305627,50.575777],[13.316272,50.596034],[13.321853,50.60239],[13.35937,50.61934],[13.365365,50.623474],[13.365985,50.627092],[13.368775,50.628332]],[[13.232349,50.58203],[13.25178,50.580893],[13.268006,50.573658],[13.284646,50.568956]],[[13.160106,50.497022],[13.184704,50.508753],[13.19907,50.525341],[13.232349,50.58203]],[[13.107396,50.498986],[13.160106,50.497022]],[[13.06037,50.490614],[13.069775,50.491079],[13.07887,50.492681],[13.078974,50.492681],[13.079181,50.492785],[13.107396,50.498986]],[[13.026264,50.497642],[13.034532,50.496505],[13.042284,50.492785],[13.051069,50.491131],[13.06037,50.490614]],[[12.952573,50.40416],[12.960631,50.409234],[12.982442,50.42297],[12.996602,50.433667],[13.003113,50.451909],[13.009624,50.492681],[13.017892,50.49635],[13.026264,50.497642]],[[12.817388,50.44302],[12.825759,50.441418],[12.918363,50.4054],[12.952573,50.40416]],[[12.788139,50.434339],[12.79434,50.435889],[12.808396,50.441832],[12.817388,50.44302]],[[12.770259,50.435941],[12.788139,50.434339]],[[12.678792,50.393721],[12.691814,50.394651],[12.702976,50.401524],[12.725094,50.423435],[12.737909,50.431548],[12.754239,50.435321],[12.770259,50.435941]],[[12.625358,50.399922],[12.678792,50.393721]],[[12.462784,50.340494],[12.466815,50.34189],[12.468985,50.345559],[12.468365,50.349486],[12.467022,50.352845],[12.466815,50.354912],[12.469502,50.359408],[12.471569,50.364472],[12.475083,50.369433],[12.482524,50.373567],[12.510223,50.38876],[12.550531,50.396357],[12.625358,50.399922]],[[12.453792,50.340701],[12.462784,50.340494]],[[12.300417,50.160815],[12.314369,50.167327],[12.314369,50.176215],[12.308582,50.186912],[12.305584,50.199314],[12.308685,50.217091],[12.314059,50.226496],[12.3338,50.242722],[12.336487,50.258587],[12.344652,50.26639],[12.355814,50.271403],[12.367183,50.279051],[12.398189,50.315173],[12.408937,50.321994],[12.438289,50.332536],[12.450175,50.339357],[12.453792,50.340701]],[[12.076141,50.315173],[12.101344,50.31398],[12.149315,50.311711],[12.168538,50.302977],[12.17443,50.293727],[12.17412,50.276571],[12.178047,50.268767],[12.189209,50.262463],[12.203782,50.259569],[12.232514,50.259104],[12.239645,50.256572],[12.242953,50.252954],[12.242436,50.248355],[12.237992,50.242722],[12.236441,50.242567],[12.235098,50.242257],[12.233754,50.241689],[12.232514,50.240965],[12.229827,50.239053],[12.228897,50.237038],[12.22993,50.234816],[12.232514,50.232491],[12.249981,50.221173],[12.254321,50.217401],[12.258455,50.21089],[12.260212,50.20505],[12.261246,50.199883],[12.273235,50.172339],[12.283363,50.162211],[12.300417,50.160815]],[[12.398189,49.992764],[12.24688,50.044957],[12.243676,50.051313],[12.243469,50.060408],[12.241402,50.07064],[12.232514,50.08051],[12.218044,50.088572],[12.202025,50.094514],[12.187865,50.102834],[12.179184,50.117976],[12.178564,50.132962],[12.185592,50.155699],[12.182698,50.170737],[12.17505,50.182623],[12.163784,50.193785],[12.13929,50.211045],[12.089887,50.230837],[12.079552,50.242722],[12.092057,50.254815],[12.102393,50.259156],[12.109111,50.263806],[12.110971,50.276622],[12.10725,50.290885],[12.099189,50.299773],[12.076141,50.315173]],[[12.482524,49.827244],[12.489863,49.842695],[12.51291,49.870239],[12.520972,49.885535],[12.524072,49.904965],[12.517871,49.9122],[12.503608,49.915766],[12.462681,49.931269],[12.463818,49.942121],[12.470742,49.955608],[12.468158,49.970233],[12.451312,49.980568],[12.414518,49.983048],[12.399222,49.992764]],[[12.399222,49.992764],[12.398189,49.992764]],[[12.462474,49.831223],[12.482524,49.827244]],[[12.604998,49.512793],[12.593732,49.515015],[12.58288,49.522405],[12.575025,49.529898],[12.568721,49.538838],[12.562313,49.550827],[12.558282,49.562557],[12.553631,49.584726],[12.546603,49.595579],[12.536061,49.603123],[12.512187,49.61165],[12.501955,49.619711],[12.502678,49.62214],[12.507432,49.629995],[12.499474,49.632527],[12.496891,49.633871],[12.505365,49.646118],[12.504642,49.659399],[12.496374,49.669993],[12.482524,49.674695],[12.449245,49.68503],[12.433949,49.6918],[12.419583,49.700223],[12.398912,49.719499],[12.388577,49.732314],[12.383616,49.742856],[12.395398,49.757894],[12.436739,49.769263],[12.452655,49.779702],[12.455859,49.796135],[12.456376,49.817115],[12.462474,49.831223]],[[12.856662,49.32221],[12.797751,49.327843],[12.777907,49.332545],[12.762094,49.343242],[12.729331,49.391147],[12.709177,49.404737],[12.663082,49.418897],[12.643548,49.42949],[12.632179,49.44396],[12.627218,49.460186],[12.624325,49.493001],[12.622981,49.509847],[12.61554,49.513775]],[[12.61554,49.513775],[12.604998,49.512793]],[[13.482257,48.937634],[13.458899,48.945024],[13.427273,48.959958],[13.398541,48.977683],[13.384175,48.993031],[13.383555,49.021092],[13.372393,49.038507],[13.329915,49.066929],[13.299529,49.093645],[13.287333,49.10057],[13.267283,49.105634],[13.206821,49.107495],[13.178503,49.118347],[13.162586,49.135142],[13.14946,49.15483],[13.055823,49.238184],[13.04342,49.242784],[13.043214,49.242887],[13.043214,49.242939],[13.011278,49.267795],[13.00673,49.277097],[13.005387,49.28676],[12.999806,49.294925],[12.982442,49.299628],[12.95433,49.31911],[12.939861,49.326758],[12.922911,49.332701],[12.88467,49.339573]],[[12.88467,49.339573],[12.870925,49.336731],[12.875369,49.323864],[12.856662,49.32221]],[[13.590467,48.944817],[13.573414,48.951018],[13.556464,48.959958],[13.538894,48.967038],[13.522395,48.969342],[13.51595,48.970242]],[[13.51595,48.970242],[13.5021,48.966056],[13.492592,48.955049],[13.482257,48.937634]],[[13.815725,48.76643],[13.796191,48.779814],[13.747925,48.843376],[13.724671,48.867303],[13.710615,48.87247],[13.673356,48.876346],[13.654443,48.882237],[13.637389,48.893451],[13.621783,48.909057],[13.611138,48.927247],[13.608657,48.946161]],[[13.608657,48.946161],[13.590467,48.944817]]]}},{"type":"Feature","properties":{},"geometry":{"type":"MultiLineString","coordinates":[[[25.333678,58.031808],[25.324583,58.034753],[25.318278,58.040619],[25.306393,58.058731],[25.299572,58.065604],[25.281692,58.073407],[25.263501,58.075138]],[[25.263501,58.075138],[25.250686,58.068498],[25.249549,58.051186],[25.277557,58.024108],[25.284379,58.00814],[25.264535,57.994187],[25.232496,57.985376],[25.216786,57.985376]],[[25.216786,57.985376],[25.20211,57.991965],[25.189914,58.013514],[25.180716,58.038164],[25.16697,58.058731],[25.141028,58.068007]],[[25.141028,58.068007],[25.094209,58.067309],[25.070645,58.063615],[25.048838,58.056199],[25.034857,58.048574],[24.974837,58.01584],[24.949309,58.006435],[24.872518,58.00044],[24.848333,57.992146],[24.827417,57.981877],[24.81681,57.976669]],[[25.625081,57.910291],[25.601517,57.912203],[25.579399,57.919463],[25.558315,57.934243],[25.552941,57.942175],[25.552114,57.948815],[25.551816,57.94986],[25.550254,57.955327],[25.541676,57.96282],[25.53196,57.966437],[25.496614,57.970597],[25.457185,57.984059],[25.39662,58.023178],[25.356519,58.034753]],[[25.356519,58.034753],[25.34639,58.034443],[25.339879,58.032583],[25.333678,58.031808]],[[24.81681,57.976669],[24.790765,57.978994],[24.764721,57.987909],[24.733508,57.992198]],[[24.733508,57.992198],[24.718832,57.981837],[24.700435,57.95419],[24.684829,57.947575],[24.624057,57.943958]],[[24.624057,57.943958],[24.553881,57.94742]],[[24.553881,57.94742],[24.53383,57.945069],[24.481327,57.919308],[24.441639,57.908094],[24.429134,57.900343],[24.412701,57.876572],[24.401539,57.866469],[24.378181,57.859441],[24.349655,57.85864]],[[26.49955,57.515819],[26.48105,57.527136],[26.447564,57.552922],[26.430924,57.561707],[26.430678,57.561764],[26.351325,57.580203],[26.33863,57.583153],[26.297185,57.599147],[26.263182,57.620825],[26.168511,57.70405],[26.135231,57.724772],[26.024747,57.774356],[26.016065,57.786681],[26.013068,57.8073],[26.016065,57.816472],[26.02175,57.822415],[26.025264,57.828409],[26.021956,57.837944],[26.014515,57.842827],[26.002733,57.845979],[25.792616,57.855979],[25.767502,57.868924],[25.754686,57.888897],[25.745384,57.90918],[25.730295,57.923132],[25.714998,57.923391]],[[25.714998,57.923391],[25.7038,57.921327],[25.650093,57.911428],[25.625081,57.910291]],[[24.349655,57.85864],[24.306159,57.868186]],[[26.911618,57.613435],[26.896115,57.614986],[26.884953,57.622091],[26.872654,57.627181]],[[26.872654,57.627181],[26.854154,57.622556],[26.838547,57.60987],[26.828315,57.595039],[26.816327,57.581189],[26.795759,57.571319],[26.778086,57.568477]],[[27.319965,57.516129],[27.165659,57.546695],[27.085354,57.549434],[27.061531,57.555661],[27.041326,57.568451],[27.004635,57.598914],[26.981071,57.608991],[26.946551,57.615347],[26.929188,57.615554]],[[26.929188,57.615554],[26.911618,57.613435]],[[26.778086,57.568477],[26.700468,57.570751]],[[26.700468,57.570751],[26.666982,57.56486],[26.634322,57.554421],[26.604763,57.540313],[26.598355,57.533854],[26.594841,57.52649],[26.590087,57.520366],[26.579855,57.517834]],[[26.579855,57.517834],[26.570243,57.519591],[26.551743,57.526826],[26.542235,57.528169]],[[26.542235,57.528169],[26.528696,57.52388],[26.515053,57.517266],[26.49955,57.515819]],[[27.352935,57.527601],[27.319965,57.516129]]]}},{"type":"Feature","properties":{},"geometry":{"type":"MultiLineString","coordinates":[[[27.528169,57.528479],[27.522795,57.492022],[27.525637,57.46838],[27.514837,57.44789],[27.511323,57.430397],[27.536283,57.415695],[27.640824,57.389005],[27.694409,57.356375],[27.707952,57.348129],[27.809134,57.313945],[27.827738,57.304953],[27.840295,57.290639],[27.846134,57.267307],[27.841174,57.211212],[27.833939,57.18049],[27.824327,57.15907],[27.794045,57.143387],[27.700975,57.118789],[27.682217,57.103699],[27.696066,57.085457],[27.722059,57.07799],[27.745469,57.067991],[27.75074,57.042359],[27.745779,57.031455],[27.729552,57.009855],[27.723351,56.998796],[27.720767,56.988667],[27.718545,56.96872],[27.715135,56.957403],[27.648731,56.879268],[27.62837,56.844154],[27.644379,56.841772],[27.661185,56.839271]],[[27.352935,57.527601],[27.528169,57.528479]],[[27.786397,56.871258],[27.830838,56.864282],[27.852232,56.854309],[27.891506,56.829711],[27.913521,56.82015],[27.918895,56.805888],[27.900085,56.783047],[27.876107,56.759431],[27.865461,56.742687],[27.882618,56.725479],[27.98101,56.687006],[27.991345,56.669979],[27.992172,56.624994],[27.997443,56.603833],[28.010982,56.587555],[28.028656,56.576754],[28.108651,56.55518],[28.126117,56.547764],[28.132215,56.535982],[28.125239,56.527145],[28.099246,56.513399],[28.093251,56.501591],[28.096455,56.491953],[28.104517,56.483065],[28.156503,56.44622],[28.164255,56.437952],[28.167872,56.427125],[28.164255,56.392812],[28.167148,56.369868],[28.174435,56.349637],[28.214794,56.281372],[28.217275,56.270727],[28.215311,56.255999],[28.20942,56.248144],[28.201358,56.241684],[28.193142,56.231039],[28.184408,56.207526],[28.178621,56.18391],[28.169112,56.161741],[28.148907,56.142414]],[[27.661185,56.839271],[27.744074,56.864799],[27.786397,56.871258]]]}},{"type":"Feature","properties":{},"geometry":{"type":"MultiLineString","coordinates":[[[24.870967,56.442602],[24.892258,56.438727],[24.910138,56.421958],[24.936286,56.379919],[24.962124,56.319277],[24.973183,56.300751],[24.983208,56.290493],[25.016488,56.2699],[25.026203,56.260185],[25.04398,56.22799],[25.073125,56.197811],[25.109196,56.183083],[25.349086,56.159876],[25.454808,56.149649]],[[24.837688,56.403948],[24.845852,56.40493],[24.852157,56.413664],[24.853397,56.424722],[24.857118,56.435368],[24.870967,56.442602]],[[22.094082,56.41741],[22.139144,56.415705],[22.158161,56.410253],[22.195265,56.394853],[22.214902,56.390383]],[[21.053398,56.072604],[21.091353,56.077896],[21.150161,56.07818],[21.190365,56.084459],[21.205351,56.103424],[21.212586,56.130994],[21.229639,56.163188],[21.254857,56.185202],[21.290411,56.206932],[21.327618,56.224373],[21.358313,56.233235],[21.403685,56.234476],[21.419292,56.237395],[21.558921,56.297288],[21.596025,56.307882],[21.684495,56.310104],[21.965322,56.383677],[21.983173,56.388353],[22.094082,56.41741]],[[22.924523,56.412113],[22.956976,56.401985],[22.981367,56.373175],[23.016714,56.32385],[23.062292,56.304161]],[[22.666347,56.349094],[22.681437,56.350308],[22.822927,56.382864],[22.859603,56.39707],[22.888969,56.408444],[22.924523,56.412113]],[[24.81557,56.408806],[24.837688,56.403948]],[[24.44722,56.260521],[24.481327,56.26884],[24.538998,56.287625],[24.557911,56.29858],[24.639147,56.359972],[24.678628,56.377283],[24.71504,56.386253],[24.805545,56.408548],[24.81557,56.408806]],[[22.511731,56.395964],[22.57581,56.387722],[22.578222,56.387003],[22.604749,56.379092],[22.649087,56.353099],[22.666347,56.349094]],[[22.214902,56.390383],[22.511731,56.395964]],[[23.288428,56.373046],[23.310649,56.370591],[23.37804,56.35463],[23.481595,56.330103],[23.517561,56.328656]],[[23.062292,56.304161],[23.112728,56.310879],[23.162854,56.341007],[23.154173,56.351394],[23.17257,56.357956],[23.288428,56.373046]],[[23.706697,56.354442],[23.715069,56.352737],[23.723544,56.345812],[23.724784,56.338397],[23.723647,56.332118],[23.724991,56.328811],[23.7561,56.325969]],[[23.679412,56.351859],[23.706697,56.354442]],[[23.609856,56.353822],[23.679412,56.351859]],[[23.517561,56.328656],[23.577713,56.348603],[23.609856,56.353822]],[[23.825036,56.334909],[23.858109,56.334392],[23.871107,56.332072],[23.981306,56.312404],[24.07515,56.271192],[24.108637,56.260701],[24.138919,56.257446]],[[23.7561,56.325969],[23.825036,56.334909]],[[24.318546,56.29858],[24.350792,56.291552],[24.414354,56.265507],[24.44722,56.260521]],[[24.138919,56.257446],[24.140422,56.2576],[24.166824,56.260314],[24.287644,56.295531],[24.318546,56.29858]],[[25.522762,56.156573],[25.572888,56.143034],[25.590045,56.141122]],[[25.454808,56.149649],[25.522762,56.156573]],[[25.649679,56.143809],[25.661875,56.140812],[25.669213,56.132027],[25.687817,56.098334],[25.696602,56.087895],[25.708797,56.081048],[25.766261,56.058647],[25.795496,56.04013],[25.871268,55.992139],[25.961251,55.958459],[26.017616,55.937362],[26.079421,55.89814],[26.178639,55.84959],[26.203754,55.827446],[26.226905,55.796931],[26.279718,55.743239],[26.34235,55.716342],[26.48105,55.678308],[26.537481,55.669523],[26.594531,55.666991]],[[25.590045,56.141122],[25.649679,56.143809]]]}},{"type":"Feature","properties":{},"geometry":{"type":"MultiLineString","coordinates":[[[14.310682,65.084142],[14.172602,64.991538],[14.172395,64.991383],[13.90758,64.7877],[13.642764,64.584018],[13.940058,64.49131],[13.98233,64.484385],[14.060878,64.476634],[14.096948,64.465317],[14.115551,64.441236],[14.16144,64.205436],[14.16051,64.187246],[14.147797,64.169004],[13.98233,64.019504],[13.964243,64.009531],[13.939438,64.009531]],[[13.939438,64.009531],[13.586772,64.0502],[13.234106,64.090869]],[[13.234106,64.090869],[12.982442,64.05883],[12.755273,63.991392],[12.681892,63.956356],[12.482524,63.809491],[12.293182,63.656994],[12.170295,63.598135],[12.219491,63.49659],[12.219801,63.474266],[12.204919,63.454629],[11.992425,63.288903],[12.059827,63.204772],[12.222695,63.001479],[12.104356,62.923344],[12.093298,62.907427],[12.097018,62.88655],[12.156239,62.733691],[12.154069,62.710514],[12.138669,62.682713],[12.103116,62.634033],[12.090094,62.606335],[12.091231,62.58631],[12.279522,62.344214],[12.286361,62.335421],[12.314266,62.286122],[12.315149,62.271761],[12.31747,62.234032],[12.239594,61.979435],[12.161717,61.724838],[12.175566,61.711531],[12.291322,61.651122],[12.33783,61.632983],[12.416482,61.582289],[12.444801,61.573504],[12.482524,61.569137],[12.550944,61.566915],[12.583397,61.561101],[12.613783,61.547045],[12.877126,61.370984],[12.886944,61.361501],[12.888184,61.349616],[12.854698,61.255306],[12.839815,61.226987],[12.819661,61.204947],[12.746694,61.151462],[12.73915,61.142445],[12.732948,61.129112],[12.713518,61.061158],[12.710826,61.057012],[12.703803,61.046197],[12.682512,61.040332]],[[12.682512,61.040332],[12.569651,61.050642]],[[12.569651,61.050642],[12.511773,61.049117],[12.280986,61.015192],[12.253288,61.001704],[12.256078,60.981318],[12.294836,60.935326],[12.313232,60.901865],[12.33504,60.828898],[12.350026,60.793345],[12.377001,60.754096],[12.482524,60.657332],[12.594352,60.514938],[12.608615,60.48649],[12.612646,60.455381],[12.605308,60.419156],[12.593629,60.395023],[12.577919,60.375902],[12.558592,60.359883],[12.504745,60.325621],[12.491723,60.312289],[12.487279,60.295907],[12.49565,60.262008],[12.521592,60.197619],[12.524692,60.161704],[12.510946,60.117985],[12.483248,60.081243],[12.446764,60.051116],[12.290598,59.958719],[12.143734,59.898412],[12.102703,59.893968]],[[12.102703,59.893968],[11.942196,59.90203]],[[11.942196,59.90203],[11.890313,59.892779],[11.874627,59.884937],[11.849592,59.872419],[11.842977,59.838416],[11.854863,59.824308],[11.883742,59.805383],[11.889796,59.801416],[11.902095,59.785137],[11.903542,59.769996],[11.897237,59.732014],[11.897237,59.713979],[11.891656,59.705762],[11.852485,59.673361],[11.828404,59.659719],[11.693735,59.622305],[11.674925,59.607112],[11.670998,59.58055],[11.677406,59.559053],[11.783962,59.360616],[11.806803,59.293591],[11.811661,59.270905],[11.811661,59.249666],[11.811088,59.248717],[11.802463,59.234422],[11.784686,59.218144],[11.775591,59.202537],[11.748512,59.140061],[11.745308,59.092156],[11.73425,59.065543],[11.708928,59.021618],[11.700247,58.999139],[11.693735,58.973507],[11.664383,58.920074],[11.61157,58.893151],[11.547078,58.884727]],[[11.547078,58.884727],[11.482585,58.886898],[11.451993,58.896044],[11.453233,58.960485],[11.438144,58.991129],[11.437522,58.991711],[11.437511,58.991721]]]}},{"type":"Feature","properties":{},"geometry":{"type":"MultiLineString","coordinates":[[[6.101157,50.063405],[6.0994,50.064129],[6.105704,50.092241],[6.110562,50.105987],[6.117487,50.120456]],[[6.161928,49.942482],[6.15397,49.951216],[6.138777,49.979328],[6.121517,49.996278],[6.117177,50.004391],[6.119967,50.015501],[6.113766,50.036378],[6.107255,50.044595],[6.096403,50.048626],[6.105704,50.060305],[6.109425,50.06356],[6.107151,50.063767]],[[6.107151,50.063767],[6.101157,50.063405]],[[6.310653,49.834479],[6.302592,49.834944],[6.301558,49.838303],[6.295568,49.848616],[6.291533,49.855563],[6.286779,49.86104],[6.272206,49.867138],[6.238306,49.876905],[6.2227,49.887137],[6.189834,49.938297],[6.172677,49.956228]],[[6.172677,49.956228],[6.161928,49.942482]],[[6.414523,49.805488],[6.397056,49.808589],[6.380106,49.815565],[6.351374,49.83329],[6.334424,49.840215],[6.325639,49.84037]],[[6.325639,49.84037],[6.310653,49.834479]],[[6.502579,49.79567],[6.497205,49.799442],[6.493278,49.799597],[6.462478,49.805488]],[[6.462478,49.805488],[6.414523,49.805488]],[[6.502269,49.795876],[6.502579,49.79567]],[[6.499686,49.712212],[6.492554,49.718413],[6.4878,49.725596],[6.485526,49.733761],[6.48625,49.742701],[6.495965,49.748231],[6.496378,49.752106],[6.493691,49.756551],[6.493794,49.76363],[6.498549,49.785386],[6.499996,49.786058],[6.500099,49.794481],[6.502269,49.795876]],[[6.491004,49.714434],[6.499686,49.712212]],[[6.345307,49.455349],[6.34538,49.462718],[6.342279,49.493001],[6.348809,49.52529],[6.350754,49.53491],[6.350754,49.566588],[6.356438,49.577595],[6.371528,49.592995],[6.397573,49.613872],[6.407701,49.627411],[6.415246,49.634646],[6.417933,49.639142],[6.417003,49.645756],[6.410905,49.649632],[6.404498,49.652474],[6.402741,49.655782],[6.418243,49.669889],[6.491727,49.700792],[6.489764,49.702962],[6.482942,49.708078],[6.486353,49.712936],[6.491004,49.714434]]]}},{"type":"Feature","properties":{},"geometry":{"type":"MultiLineString","coordinates":[[[2.5218,51.087541],[2.537033,51.06461],[2.547059,51.020479],[2.55698,51.001177],[2.592741,50.976114],[2.60845,50.961128],[2.611654,50.941233],[2.605763,50.935238],[2.582715,50.920666],[2.576928,50.911519],[2.596668,50.867646],[2.595531,50.861134],[2.58778,50.850024],[2.586746,50.845425],[2.58995,50.842014],[2.602042,50.838087],[2.60659,50.834831],[2.615168,50.82217],[2.620439,50.816486],[2.627777,50.814419],[2.642453,50.812455],[2.650618,50.812248]],[[2.669222,50.813902],[2.67873,50.81323],[2.691856,50.808838],[2.69692,50.80305],[2.700021,50.79628],[2.706635,50.788787],[2.743842,50.766205],[2.749527,50.75959],[2.762963,50.739385],[2.768234,50.733235],[2.786734,50.723365],[2.866726,50.700091],[2.871276,50.698767],[2.886883,50.696648]],[[2.650618,50.812248],[2.669222,50.813902]],[[3.103304,50.784085],[3.129245,50.779072],[3.146195,50.768892],[3.162811,50.749939],[3.162823,50.749925],[3.176684,50.734114],[3.188983,50.715097],[3.196941,50.709206],[3.210997,50.707965],[3.224433,50.705175],[3.232391,50.695925],[3.24376,50.672102],[3.229808,50.65541],[3.237869,50.626472],[3.264327,50.570196],[3.265878,50.538312],[3.271045,50.526943],[3.286755,50.514075],[3.299881,50.507461],[3.343599,50.49294],[3.361066,50.489787]],[[2.886883,50.696648],[2.900112,50.703108],[2.930188,50.736232],[2.948378,50.748686],[2.971425,50.757833],[3.023817,50.768262],[3.103304,50.784085]],[[3.477131,50.519863],[3.491497,50.517073],[3.498008,50.511853],[3.496458,50.503792],[3.486743,50.492681],[3.499145,50.48679],[3.563741,50.486532],[3.586375,50.483483],[3.608286,50.476507],[3.62813,50.464363],[3.644356,50.445501],[3.652831,50.406847],[3.652934,50.360183],[3.661719,50.319307],[3.696859,50.298223]],[[3.361066,50.489787],[3.385354,50.491648],[3.429175,50.501828],[3.442714,50.508494],[3.452636,50.514851],[3.462868,50.51914],[3.477131,50.519863]],[[3.798662,50.348452],[3.84021,50.345197],[3.86088,50.338479],[3.878037,50.330779],[3.895917,50.325301]],[[3.703887,50.304321],[3.708435,50.306336],[3.711122,50.309333],[3.715463,50.317653],[3.733446,50.337239],[3.741508,50.34313],[3.755047,50.346334],[3.798662,50.348452]],[[4.0033,50.34406],[4.022731,50.338117],[4.055907,50.314553],[4.077198,50.306646],[4.097868,50.294812],[4.125257,50.25714],[4.143654,50.251611]],[[3.895917,50.325301],[3.918551,50.325456],[3.982113,50.342613],[4.0033,50.34406]],[[3.702234,50.305251],[3.703887,50.304321]],[[3.696859,50.298223],[3.700787,50.304683],[3.702234,50.305251]],[[4.162774,50.272953],[4.171766,50.270886],[4.185201,50.26546],[4.197604,50.258484],[4.203702,50.251973],[4.201325,50.241534],[4.191506,50.234299],[4.167942,50.222465],[4.157296,50.212698],[4.152749,50.204534],[4.147374,50.186343],[4.128151,50.146243],[4.125774,50.128156],[4.139933,50.123557]],[[4.143654,50.251611],[4.150992,50.256262],[4.149751,50.263135],[4.150268,50.269543],[4.162774,50.272953]],[[4.815551,50.161332],[4.820098,50.146449],[4.831364,50.1434]],[[4.435109,49.93225],[4.464771,49.935609],[4.604194,49.980206],[4.645845,49.984495],[4.656697,49.989095],[4.665896,50.000515],[4.672924,50.01638],[4.680572,50.048316],[4.679538,50.055189],[4.675818,50.060201],[4.67344,50.066196],[4.676128,50.076066],[4.681915,50.083921],[4.788575,50.153374],[4.815551,50.161332]],[[4.862679,50.147586],[4.871878,50.139783],[4.870534,50.122265],[4.86516,50.101594],[4.862886,50.084076]],[[4.831364,50.1434],[4.862679,50.147586]],[[4.170629,50.130481],[4.180551,50.127226],[4.197397,50.084076],[4.203392,50.074671],[4.210316,50.066713],[4.210006,50.06015],[4.186028,50.05245],[4.162877,50.041805],[4.144584,50.030797],[4.137349,50.025061],[4.132285,50.017568],[4.128151,50.005786],[4.132905,50.004494],[4.138383,49.989198],[4.139623,49.974522]],[[4.139933,50.123557],[4.15988,50.129396],[4.170629,50.130481]],[[4.862886,50.084076],[4.852137,50.091621]],[[4.852137,50.091621],[4.84604,50.09069],[4.827229,50.064077],[4.826093,50.055034],[4.827643,50.046714],[4.826713,50.036017],[4.788265,49.974263],[4.783925,49.958295],[4.797257,49.944291],[4.844593,49.931734],[4.860199,49.913337],[4.861956,49.900314],[4.859372,49.891684],[4.854308,49.883313],[4.848934,49.871066],[4.845626,49.865846],[4.836738,49.859128],[4.834878,49.85303],[4.836945,49.848018],[4.846763,49.837528],[4.849244,49.831585],[4.849037,49.794171],[4.858029,49.786575],[4.884177,49.784146]],[[4.139623,49.974522],[4.132365,49.974946],[4.131665,49.974987]],[[4.131665,49.974987],[4.187682,49.955505],[4.201118,49.953024]],[[4.277599,49.960156],[4.427651,49.933572],[4.435109,49.93225]],[[4.201118,49.953024],[4.215953,49.954408],[4.277599,49.960156]],[[4.970993,49.797065],[4.98908,49.790554],[5.026287,49.766731],[5.046234,49.759393],[5.081891,49.752727],[5.093776,49.745337],[5.136358,49.705339],[5.151241,49.695986],[5.169431,49.687201],[5.192478,49.682808]],[[4.884177,49.784146],[4.906604,49.786471],[4.950013,49.796393],[4.968371,49.796981],[4.970993,49.797065]],[[5.259244,49.691335],[5.280122,49.677899],[5.299449,49.662499],[5.306373,49.647513],[5.301826,49.643896],[5.293764,49.640537],[5.290664,49.626378],[5.293041,49.617179],[5.297898,49.613252],[5.314538,49.611133]],[[5.192478,49.682808],[5.237644,49.690973],[5.259244,49.691335]],[[5.334899,49.625809],[5.3411,49.625137],[5.352469,49.620693],[5.383475,49.613304],[5.391166,49.608817],[5.402078,49.602451],[5.450241,49.545762],[5.454375,49.536616],[5.454168,49.526177],[5.450964,49.516772],[5.44993,49.507832],[5.456132,49.498944],[5.477732,49.495223]],[[5.314538,49.611133],[5.32167,49.61258],[5.326941,49.617644],[5.331178,49.623122],[5.334899,49.625809]],[[5.746346,49.549431],[5.757095,49.548398],[5.779006,49.539613],[5.790685,49.537753]],[[5.710276,49.531086],[5.722679,49.5346],[5.735598,49.545711],[5.746346,49.549431]],[[5.644647,49.543799],[5.667178,49.54044],[5.688676,49.533515],[5.710276,49.531086]],[[5.587493,49.512431],[5.602273,49.513723],[5.60558,49.517754],[5.607854,49.524937],[5.619739,49.53553],[5.644647,49.543799]],[[5.547599,49.523438],[5.578915,49.51393],[5.587493,49.512431]],[[5.477732,49.495223],[5.503674,49.505093],[5.528789,49.517961],[5.547599,49.523438]]]}},{"type":"Feature","properties":{},"geometry":{"type":"MultiLineString","coordinates":[[[6.038628,50.148413],[6.027363,50.149447],[6.022967,50.15082],[6.014134,50.153581],[6.008036,50.160919],[6.004729,50.170479],[5.998321,50.174975]],[[5.998321,50.174975],[5.982921,50.167068],[5.96163,50.165621],[5.953156,50.156371],[5.949021,50.142677],[5.941063,50.128311],[5.92618,50.118337],[5.888973,50.106607],[5.872437,50.096892],[5.86882,50.090535],[5.866856,50.074309],[5.864375,50.067488],[5.858278,50.061803],[5.843705,50.053638],[5.83771,50.047437],[5.838847,50.035862],[5.838847,50.026457],[5.836367,50.01855],[5.829132,50.013589],[5.808875,50.007801],[5.802674,50.002479],[5.801537,49.988681],[5.808565,49.9831],[5.812596,49.977571],[5.80164,49.963825],[5.793372,49.958812],[5.778593,49.95659],[5.771565,49.953541],[5.76371,49.946823],[5.759989,49.941604],[5.757612,49.93654],[5.753581,49.930183],[5.718958,49.891374],[5.714927,49.881866],[5.726709,49.878197],[5.748827,49.867293],[5.758129,49.858198]],[[6.117487,50.120456],[6.102604,50.124745],[6.10033,50.132652],[6.101467,50.142108],[6.097126,50.151307],[6.084207,50.159317]],[[6.084207,50.159317],[6.076456,50.158645],[6.070048,50.154201],[6.061366,50.150738],[6.038628,50.148413]],[[5.758129,49.858198],[5.731877,49.859955]],[[5.731877,49.859955],[5.73198,49.854167],[5.730533,49.85117],[5.728673,49.848845],[5.726916,49.845227],[5.736528,49.83944],[5.724642,49.834272],[5.720198,49.824712],[5.721645,49.812775],[5.727743,49.800217],[5.738285,49.788848],[5.748414,49.785644],[5.759162,49.784456],[5.771875,49.779392],[5.778489,49.773035],[5.802054,49.742856],[5.803604,49.738154],[5.805774,49.724201],[5.805361,49.721876],[5.811769,49.718517],[5.825721,49.715778],[5.831716,49.713607],[5.837297,49.712936]],[[5.843705,49.714331],[5.850216,49.714021],[5.856004,49.708078],[5.856403,49.705807],[5.857347,49.70043],[5.853627,49.696296],[5.848769,49.69273],[5.847219,49.687201],[5.846702,49.68069],[5.843705,49.677486],[5.842258,49.67392],[5.845772,49.666582],[5.852593,49.663223],[5.872644,49.661724],[5.879878,49.657745],[5.885459,49.643534],[5.879878,49.634853],[5.869957,49.628858],[5.861998,49.62276],[5.849183,49.599713],[5.841224,49.589687],[5.829959,49.582763],[5.846909,49.576717],[5.8374,49.56111],[5.814456,49.545142],[5.790685,49.537753]],[[5.837297,49.712936],[5.843705,49.714331]]]}},{"type":"Feature","properties":{},"geometry":{"type":"MultiLineString","coordinates":[[[20.49604,41.337788],[20.510407,41.344403],[20.523429,41.356805],[20.532937,41.370447],[20.539965,41.387139],[20.540172,41.400678],[20.539049,41.402944],[20.534074,41.412977],[20.522189,41.42569],[20.514644,41.429462],[20.498004,41.431477],[20.490873,41.436025],[20.488909,41.441451],[20.486842,41.457781],[20.483535,41.46548],[20.481597,41.468269],[20.470822,41.483774],[20.463174,41.489768],[20.452012,41.493592],[20.444984,41.508475],[20.447878,41.53545],[20.444157,41.549661],[20.49294,41.557671],[20.507409,41.56227],[20.520845,41.568368],[20.52932,41.574879],[20.534694,41.585266],[20.53467,41.587324],[20.534591,41.594026],[20.513404,41.640405],[20.508339,41.661748],[20.500381,41.734095],[20.503275,41.744637],[20.511337,41.757943],[20.521155,41.767658],[20.54441,41.784763],[20.550921,41.793522],[20.550136,41.80006],[20.54844,41.814193],[20.540482,41.839437],[20.540786,41.844865],[20.541722,41.86158],[20.567147,41.873182]],[[20.481674,41.341199],[20.49604,41.337788]],[[20.618927,41.082403],[20.605284,41.083488],[20.597419,41.086273],[20.576966,41.093513],[20.569938,41.107104],[20.570558,41.124829],[20.565494,41.147412],[20.549681,41.170615],[20.51268,41.210147],[20.500071,41.23552],[20.483121,41.289471],[20.477747,41.319598],[20.478108,41.321585],[20.481674,41.341199]],[[20.766102,40.893732],[20.740883,40.89797],[20.730573,40.904611],[20.717216,40.913214],[20.702746,40.936314],[20.683419,40.99383],[20.664092,41.059149],[20.65386,41.075272],[20.643008,41.081576],[20.634129,41.082576],[20.631536,41.082868]],[[20.631536,41.082868],[20.618927,41.082403]],[[20.965262,40.849394],[20.964849,40.875956],[20.956684,40.894766],[20.939941,40.907065],[20.890228,40.918279],[20.837415,40.924066]],[[20.837415,40.924066],[20.836544,40.923904],[20.816951,40.920242],[20.783672,40.899055],[20.766102,40.893732]]]}},{"type":"Feature","properties":{},"geometry":{"type":"MultiLineString","coordinates":[[[20.152392,42.493712],[20.135546,42.509629],[20.085626,42.530015],[20.064956,42.546758]],[[20.249647,42.318607],[20.237762,42.319924],[20.229597,42.32672],[20.220915,42.343101],[20.219468,42.350207],[20.221225,42.36372],[20.218848,42.371446],[20.21306,42.377518],[20.197454,42.38744],[20.192803,42.393693],[20.194043,42.4001],[20.204379,42.411831],[20.204689,42.420099],[20.199728,42.427799],[20.186292,42.437437],[20.180814,42.443095],[20.152702,42.493402],[20.152702,42.493428],[20.152599,42.493609],[20.152599,42.493712]],[[20.152599,42.493712],[20.152392,42.493712]],[[20.567147,41.873182],[20.567767,41.88052],[20.562703,41.892845],[20.562496,41.900105],[20.567251,41.912172],[20.573348,41.917675],[20.580583,41.921732],[20.588748,41.929586],[20.59929,41.94788],[20.59929,41.960567],[20.594329,41.973718],[20.589678,41.993639],[20.558259,42.055109],[20.552161,42.07379],[20.551954,42.105803],[20.549371,42.123476],[20.538622,42.150116],[20.500795,42.211223],[20.481674,42.230705],[20.473665,42.237123],[20.456973,42.250497],[20.333363,42.317883],[20.317964,42.319821]],[[20.317964,42.319821],[20.249647,42.318607]]]}},{"type":"Feature","properties":{},"geometry":{"type":"LineString","coordinates":[[6.353855,49.45476],[6.345307,49.455349]]}},{"type":"Feature","properties":{},"geometry":{"type":"MultiLineString","coordinates":[[[5.9607,49.441324],[5.946954,49.469953],[5.928144,49.482304],[5.864686,49.492174],[5.839571,49.499874],[5.822104,49.510519],[5.790685,49.537753]],[[6.345307,49.455349],[6.325329,49.456724],[6.298768,49.466232],[6.251117,49.48946],[6.249365,49.490314],[6.221976,49.497445],[6.193554,49.499409]],[[6.193554,49.499409],[6.13609,49.495275],[6.142601,49.486076],[6.114386,49.484371],[6.107255,49.48251],[6.101984,49.476413],[6.102087,49.470005],[6.099813,49.46463],[6.087721,49.461633],[6.078006,49.452021],[6.06333,49.448456],[5.978064,49.445097],[5.9607,49.441324]]]}},{"type":"Feature","properties":{},"geometry":{"type":"MultiLineString","coordinates":[[[8.824246,54.9059],[8.904138,54.897942],[8.982686,54.879339],[9.194766,54.8504],[9.21151,54.841822],[9.216057,54.831745],[9.219054,54.817792],[9.226392,54.805906],[9.244066,54.801772],[9.317033,54.801617]],[[8.732779,54.889054],[8.800889,54.903833],[8.824246,54.9059]],[[8.660816,54.896304],[8.695882,54.889984],[8.732779,54.889054]],[[9.385039,54.819394],[9.405193,54.808387],[9.422143,54.80725]],[[9.317033,54.801617],[9.332019,54.803219],[9.341734,54.809059],[9.355997,54.811332],[9.366952,54.817017],[9.385039,54.819394]],[[9.422143,54.80725],[9.436922,54.810144],[9.437503,54.810411]]]}},{"type":"Feature","properties":{},"geometry":{"type":"MultiLineString","coordinates":[[[22.562994,47.757215],[22.601235,47.760936],[22.637719,47.771555],[22.666967,47.78879],[22.691669,47.8107],[22.703864,47.817186],[22.724225,47.82349],[22.745826,47.824989],[22.75182,47.827676],[22.760295,47.838916],[22.758331,47.846228],[22.753267,47.852687],[22.752854,47.86124],[22.763602,47.874753],[22.779622,47.882298],[22.819723,47.892323],[22.836053,47.902452],[22.861167,47.933819],[22.877601,47.946739]],[[22.454371,47.787394],[22.528475,47.761039],[22.562994,47.757215]],[[22.368278,47.73117],[22.382644,47.732023],[22.395873,47.735692],[22.407345,47.743082],[22.423675,47.782563],[22.454371,47.787394]],[[22.322079,47.735873],[22.368278,47.73117]],[[21.374436,46.618448],[21.396037,46.626354],[21.416811,46.645216],[21.423539,46.658231],[21.425493,46.662011],[21.436241,46.673741],[21.463527,46.677049],[21.483577,46.684852],[21.501767,46.703507],[21.505178,46.723247],[21.478203,46.735934],[21.475206,46.737846],[21.472622,46.740197],[21.470451,46.743014],[21.471381,46.749034],[21.473655,46.754873],[21.477066,46.760222],[21.48151,46.764976],[21.502904,46.80531],[21.51572,46.821588],[21.536597,46.835023],[21.573081,46.841767],[21.583416,46.847943],[21.591788,46.860707],[21.591477,46.871533],[21.588067,46.882204],[21.587137,46.8944],[21.588687,46.906182],[21.589927,46.908869],[21.594371,46.910006],[21.640053,46.935689],[21.648528,46.942976],[21.667545,46.992378],[21.671369,46.99336],[21.670749,46.994394],[21.661757,47.006072],[21.654833,47.009948],[21.645221,47.01124],[21.636643,47.014082],[21.63427,47.019422],[21.632819,47.022686],[21.671886,47.054726],[21.69421,47.069169],[21.74351,47.091597],[21.763767,47.105214],[21.770485,47.114025],[21.775446,47.131672],[21.77989,47.140741],[21.789398,47.150301],[21.811516,47.164693],[21.819887,47.172729],[21.825985,47.185054],[21.825675,47.194278],[21.823298,47.203321],[21.823608,47.214923],[21.827742,47.226007],[21.839318,47.240839],[21.844589,47.249934],[21.856061,47.285745],[21.862159,47.297424],[21.900813,47.335742],[21.919003,47.349669],[21.936986,47.357162],[21.981531,47.366102],[22.001582,47.393827],[22.000238,47.427184],[21.991453,47.461807],[21.988869,47.492942],[22.007886,47.517411],[22.037445,47.539322],[22.09956,47.570948],[22.148549,47.579345],[22.154177,47.582213],[22.162089,47.586244],[22.16736,47.593789],[22.167608,47.594862],[22.169117,47.601385],[22.16984,47.608775],[22.172837,47.615389],[22.197642,47.639315],[22.200743,47.647945],[22.204153,47.666291],[22.207874,47.673732],[22.215212,47.679933],[22.232162,47.688253],[22.23981,47.693472],[22.261721,47.715848],[22.27309,47.723755],[22.29159,47.730705],[22.309366,47.735046],[22.322079,47.735873]],[[21.337643,46.620411],[21.374436,46.618448]],[[21.134865,46.27852],[21.144476,46.283739],[21.155949,46.298932],[21.164527,46.318259],[21.168661,46.362753],[21.17879,46.384457],[21.195636,46.398099],[21.21517,46.402905],[21.257544,46.404171],[21.280695,46.416393],[21.274391,46.438355],[21.245142,46.47688],[21.247623,46.497473],[21.261679,46.513338],[21.278938,46.528401],[21.291341,46.546721],[21.295268,46.585039],[21.300953,46.603926],[21.316249,46.616639],[21.337643,46.620411]],[[21.105616,46.278675],[21.134865,46.27852]],[[21.033475,46.231339],[21.051459,46.236094],[21.099208,46.27635],[21.105616,46.278675]],[[20.819638,46.271699],[20.839689,46.271079],[20.848991,46.267771],[20.866974,46.257126],[20.875139,46.254387]],[[20.736646,46.186691],[20.744707,46.192272],[20.744811,46.200282],[20.735509,46.222503],[20.734992,46.231908],[20.739333,46.237489],[20.778504,46.260072],[20.787369,46.26339],[20.798658,46.267616],[20.819638,46.271699]],[[20.906558,46.26219],[20.924438,46.259555],[20.961748,46.248341]],[[20.875139,46.254387],[20.885061,46.255007],[20.899737,46.260692],[20.906558,46.26219]],[[20.999162,46.251597],[21.007017,46.248858],[21.013942,46.24307],[21.033475,46.231339]],[[20.961748,46.248341],[20.981489,46.248858],[20.990584,46.251597],[20.999162,46.251597]],[[20.717836,46.189998],[20.727137,46.187725],[20.736646,46.186691]],[[20.607558,46.129485],[20.663989,46.137753],[20.683523,46.144678],[20.698819,46.15646],[20.704193,46.16633],[20.704368,46.168526],[20.70533,46.180645],[20.710291,46.188086],[20.717836,46.189998]],[[20.468549,46.174134],[20.509373,46.167674],[20.548957,46.15615],[20.578103,46.137547],[20.588025,46.132844],[20.600117,46.12964],[20.607558,46.129485]],[[20.242826,46.108091],[20.283237,46.1438],[20.444157,46.1469],[20.468549,46.174134]]]}},{"type":"Feature","properties":{},"geometry":{"type":"MultiLineString","coordinates":[[[19.443392,49.60178],[19.44889,49.600313],[19.457344,49.598059],[19.474191,49.578732],[19.481735,49.573513],[19.505197,49.563384],[19.517289,49.543282],[19.535479,49.492846],[19.551602,49.461013],[19.55677,49.453882],[19.573926,49.445252],[19.594804,49.441583],[19.634801,49.441324],[19.63015,49.43502],[19.6286,49.429594],[19.62922,49.413936],[19.627097,49.402165],[19.627044,49.401868],[19.684514,49.389079],[19.706321,49.387529]],[[19.315027,49.523955],[19.325363,49.52504],[19.339522,49.528761],[19.347067,49.532998],[19.43378,49.595165],[19.437604,49.600126],[19.443392,49.60178]],[[19.284228,49.524162],[19.315027,49.523955]],[[19.11659,49.39094],[19.141705,49.394195],[19.172504,49.402257],[19.179738,49.410267],[19.182322,49.422721],[19.18935,49.442203],[19.192244,49.442616],[19.204543,49.442823],[19.208987,49.444993],[19.211364,49.45166],[19.209401,49.456414],[19.206197,49.459411],[19.20444,49.460548],[19.220459,49.493001],[19.234102,49.507212],[19.248675,49.516255],[19.265005,49.521475],[19.284228,49.524162]],[[18.833196,49.510261],[18.932208,49.504318],[18.961147,49.492794],[18.952362,49.475948],[18.953396,49.461685],[18.958253,49.448146],[18.960837,49.433315],[18.956703,49.400448],[18.962284,49.389183],[18.981818,49.386806]],[[21.260542,49.449438],[21.274391,49.447267],[21.330408,49.427785],[21.42787,49.409802]],[[21.172588,49.398278],[21.194086,49.400603],[21.211242,49.411094],[21.242455,49.441273],[21.260542,49.449438]],[[21.601193,49.426493],[21.6199,49.423341],[21.630028,49.418897],[21.648632,49.407063],[21.65876,49.402464],[21.666305,49.401792]],[[21.496186,49.412386],[21.514422,49.417213],[21.529569,49.421222],[21.601193,49.426493]],[[21.10944,49.424581],[21.124943,49.423651],[21.143029,49.415538],[21.157292,49.405151],[21.172588,49.398278]],[[20.91896,49.290326],[20.942422,49.295855],[20.964022,49.308103],[20.996682,49.339367],[21.017249,49.352441],[21.032959,49.354611],[21.054043,49.354766],[21.072543,49.357195],[21.080708,49.366342],[21.068512,49.381431],[21.045464,49.390578],[21.033269,49.399673],[21.053526,49.414453],[21.068822,49.419207],[21.10944,49.424581]],[[21.48151,49.415228],[21.496186,49.412386]],[[21.42787,49.409802],[21.444406,49.409905],[21.48151,49.415228]],[[19.067601,49.406133],[19.076799,49.404066],[19.096643,49.394609],[19.106255,49.391405],[19.11659,49.39094]],[[18.981818,49.386806],[19.007139,49.388098],[19.045793,49.402774],[19.067601,49.406133]],[[21.681808,49.404066],[21.69173,49.402154],[21.708576,49.390888],[21.742166,49.357092],[21.757566,49.348927]],[[21.666305,49.401792],[21.681808,49.404066]],[[20.437543,49.402515],[20.522085,49.374352],[20.543996,49.370838]],[[20.370467,49.38169],[20.422143,49.382982],[20.421936,49.40019],[20.437543,49.402515]],[[20.673911,49.402309],[20.689517,49.4005],[20.778297,49.331202],[20.79411,49.323657],[20.816538,49.321383]],[[20.636084,49.39833],[20.673911,49.402309]],[[20.614483,49.400448],[20.636084,49.39833]],[[20.543996,49.370838],[20.567664,49.376367],[20.579136,49.383395],[20.595053,49.396263],[20.605284,49.400035],[20.614483,49.400448]],[[19.760065,49.397658],[19.769056,49.393213],[19.769263,49.39311],[19.778565,49.374197],[19.783629,49.357557],[19.78952,49.309188],[19.78797,49.305105],[19.780322,49.297612],[19.779713,49.293453],[19.779702,49.293375],[19.783216,49.290016],[19.79686,49.283399],[19.796962,49.28335],[19.798563,49.281081],[19.798822,49.280714],[19.806415,49.275488],[19.80678,49.275236],[19.808641,49.270895],[19.806263,49.265263],[19.800476,49.263041],[19.794068,49.261852],[19.789624,49.259475],[19.751797,49.219064],[19.747787,49.205956],[19.747766,49.205887],[19.760685,49.194208],[19.785903,49.188162],[19.831998,49.185888]],[[19.706321,49.387529],[19.726578,49.388873],[19.760065,49.397658]],[[20.329539,49.391767],[20.370467,49.38169]],[[20.16035,49.305622],[20.170169,49.311617],[20.191976,49.328618],[20.207169,49.334199],[20.284374,49.338643],[20.289335,49.343087],[20.296466,49.356937],[20.301634,49.371199],[20.303701,49.380398],[20.307422,49.386599],[20.317653,49.391612],[20.329539,49.391767]],[[21.819577,49.377246],[21.837871,49.370424],[21.874561,49.348358],[21.928408,49.330788],[21.964478,49.308568],[21.99321,49.278182],[22.005819,49.242887],[22.012434,49.211054],[22.040752,49.197463],[22.111549,49.188627],[22.144105,49.174881],[22.155681,49.171522],[22.165706,49.171108]],[[21.757566,49.348927],[21.768004,49.353474],[21.782164,49.364482],[21.799423,49.374817],[21.819577,49.377246]],[[20.833591,49.322055],[20.849301,49.320505],[20.868007,49.31141],[20.884337,49.300299],[20.900564,49.2926],[20.91896,49.290326]],[[20.816538,49.321383],[20.833591,49.322055]],[[20.135856,49.308878],[20.138336,49.307327],[20.16035,49.305622]],[[20.050486,49.173227],[20.07002,49.183097],[20.080355,49.208109],[20.08604,49.243042],[20.098442,49.25286],[20.105367,49.263971],[20.111051,49.275856],[20.130171,49.303917],[20.135856,49.308878]],[[19.937935,49.22511],[19.965737,49.215653],[20.01731,49.183872],[20.050486,49.173227]],[[19.831998,49.185888],[19.854219,49.191262],[19.868292,49.200788],[19.887809,49.214],[19.905896,49.222785],[19.937935,49.22511]],[[22.189684,49.17302],[22.197952,49.171987],[22.208908,49.163977],[22.209011,49.156949],[22.20622,49.150489],[22.208494,49.144185],[22.215936,49.139999],[22.262858,49.130594]],[[22.165706,49.171108],[22.189684,49.17302]],[[22.318151,49.131989],[22.339442,49.12646],[22.390085,49.093025],[22.426775,49.085635],[22.505013,49.083413],[22.539637,49.0722]],[[22.262858,49.130594],[22.318151,49.131989]]]}},{"type":"Feature","properties":{},"geometry":{"type":"MultiLineString","coordinates":[[[-7.247097,55.069328],[-7.266503,55.065167],[-7.275288,55.058863],[-7.282987,55.051835],[-7.291152,55.046615],[-7.355024,55.040931],[-7.366962,55.035557],[-7.376987,55.02889],[-7.405254,55.003569],[-7.40112,54.994836],[-7.403755,54.99313],[-7.409078,54.992045],[-7.413109,54.984965],[-7.407424,54.959437],[-7.408665,54.951117],[-7.415755,54.944372],[-7.417139,54.943056],[-7.436983,54.938301],[-7.445251,54.932152],[-7.448972,54.920318],[-7.444735,54.894893],[-7.444735,54.884455],[-7.45507,54.863009],[-7.470831,54.845284],[-7.543385,54.793091],[-7.549741,54.779603],[-7.551705,54.754695],[-7.548398,54.747202],[-7.543023,54.743791],[-7.543075,54.741673],[-7.556149,54.738365]],[[-7.61537,54.739347],[-7.649683,54.744877]],[[-7.649683,54.744877],[-7.667512,54.738779],[-7.70229,54.718883],[-7.736603,54.707463],[-7.770503,54.706016]],[[-7.556149,54.738365],[-7.566639,54.738675],[-7.585398,54.744722]],[[-7.585398,54.744722],[-7.61537,54.739347]],[[-7.770503,54.706016],[-7.803576,54.716145],[-7.832153,54.730614],[-7.845899,54.731027]],[[-7.845899,54.731027],[-7.880109,54.711029],[-7.929666,54.696714],[-7.913233,54.688653],[-7.907135,54.686689],[-7.914835,54.671651],[-7.906619,54.661316],[-7.890082,54.655063],[-7.872771,54.652221],[-7.864347,54.649069],[-7.85427,54.636408],[-7.846416,54.631447],[-7.838044,54.63124]],[[-7.814996,54.639457],[-7.801199,54.634806],[-7.769159,54.618011],[-7.753553,54.614497]],[[-7.838044,54.63124],[-7.822541,54.638113],[-7.814996,54.639457]],[[-7.721204,54.625866],[-7.710558,54.624264],[-7.707951,54.604763],[-7.707944,54.604708],[-7.707871,54.604162],[-7.749264,54.596152],[-7.848844,54.54091],[-7.887137,54.532125]],[[-7.753553,54.614497],[-7.736758,54.619251],[-7.721204,54.625866]],[[-7.887137,54.532125],[-7.926411,54.533055],[-8.002194,54.543442]],[[-8.002194,54.357923],[-7.981033,54.326556],[-7.96801,54.31219],[-7.950802,54.300873],[-7.942075,54.298873],[-7.93411,54.297049],[-7.894966,54.293586],[-7.880264,54.287023],[-7.873649,54.271055],[-7.86967,54.226872],[-7.856441,54.211421],[-7.836959,54.204341],[-7.782078,54.2]],[[-7.017836,54.413166],[-6.984091,54.403089],[-6.922028,54.372703],[-6.915051,54.365933],[-6.905956,54.349035],[-6.897895,54.346193],[-6.885957,54.345624],[-6.879705,54.341594],[-6.870015,54.326001],[-6.858414,54.307332],[-6.856657,54.292811],[-6.864667,54.282734],[-6.882185,54.277257],[-6.846683,54.266456],[-6.837743,54.260513],[-6.833196,54.25209],[-6.829733,54.242375],[-6.823946,54.23235],[-6.807358,54.21633],[-6.787824,54.202998],[-6.766481,54.192352],[-6.744777,54.184187],[-6.73284,54.183567]],[[-7.168059,54.335031],[-7.159894,54.335186],[-7.127028,54.349759],[-7.078504,54.394717],[-7.049255,54.411512],[-7.017836,54.413166]],[[-7.185629,54.336943],[-7.168059,54.335031]],[[-7.192399,54.307384],[-7.184647,54.316634],[-7.185009,54.317254],[-7.187644,54.318804],[-7.191468,54.323869],[-7.193949,54.329967],[-7.19245,54.334721],[-7.18947,54.335692],[-7.185629,54.336943]],[[-7.193691,54.307539],[-7.192399,54.307384]],[[-7.199168,54.303457],[-7.193691,54.307539]],[[-7.206661,54.304903],[-7.199168,54.303457]],[[-7.293788,54.122021],[-7.280042,54.126155],[-7.27074,54.132253],[-7.263505,54.140986],[-7.26087,54.151166],[-7.265366,54.16114],[-7.24578,54.166979],[-7.247021,54.17225],[-7.256322,54.176901],[-7.261128,54.18088],[-7.255496,54.190854],[-7.249088,54.197416],[-7.240871,54.202326],[-7.229502,54.207545],[-7.174725,54.216072],[-7.153331,54.224237],[-7.159739,54.24067],[-7.14589,54.25209],[-7.181495,54.269763],[-7.1755,54.283664],[-7.209038,54.293431],[-7.211467,54.30418],[-7.206661,54.304903]],[[-7.722599,54.202326],[-7.70477,54.200362],[-7.632682,54.168529],[-7.625706,54.162173],[-7.624052,54.153336],[-7.620796,54.144965],[-7.609014,54.139901],[-7.502302,54.125121]],[[-7.782078,54.2],[-7.722599,54.202326]],[[-6.706537,54.198915],[-6.694651,54.197985],[-6.683954,54.194368],[-6.663025,54.183826],[-6.648448,54.173665],[-6.640339,54.168013],[-6.634552,54.150133],[-6.643957,54.131839],[-6.666436,54.114786],[-6.655791,54.103314],[-6.657082,54.091945],[-6.672534,54.068432],[-6.657289,54.061146],[-6.630624,54.041819],[-6.616465,54.037271]],[[-6.73284,54.183567],[-6.724779,54.188631],[-6.717234,54.195143],[-6.706537,54.198915]],[[-7.295545,54.165119],[-7.292134,54.162638],[-7.295028,54.155404],[-7.296423,54.146515],[-7.29632,54.134991],[-7.297353,54.125896],[-7.293788,54.122021]],[[-7.326964,54.113597],[-7.316489,54.11428],[-7.310324,54.114683],[-7.333165,54.142743],[-7.333165,54.149409],[-7.325982,54.154577],[-7.295545,54.165119]],[[-7.439619,54.146929],[-7.414659,54.145688],[-7.425769,54.136955],[-7.422255,54.135456]],[[-7.502302,54.125121],[-7.480753,54.127653],[-7.439619,54.146929]],[[-7.41223,54.136438],[-7.403962,54.135043],[-7.396624,54.126258],[-7.39466,54.121917],[-7.390216,54.121194]],[[-7.422255,54.135456],[-7.41223,54.136438]],[[-7.375488,54.123312],[-7.326964,54.113597]],[[-7.390216,54.121194],[-7.375488,54.123312]],[[-6.354827,54.110652],[-6.346662,54.109877],[-6.338962,54.102952],[-6.327128,54.097888]],[[-6.433892,54.055306],[-6.426761,54.05541],[-6.401026,54.060887],[-6.377513,54.063264],[-6.371157,54.066778],[-6.366919,54.075098],[-6.367643,54.083418],[-6.369348,54.091118],[-6.368108,54.097319],[-6.354827,54.110652]],[[-6.28465,54.105226],[-6.269887,54.097927]],[[-6.327128,54.097888],[-6.313796,54.099696],[-6.299585,54.104037],[-6.28465,54.105226]],[[-6.450894,54.068432],[-6.450222,54.066675],[-6.446243,54.062438],[-6.4403,54.057993],[-6.433892,54.055306]],[[-6.564013,54.04895],[-6.47854,54.067709],[-6.450894,54.068432]],[[-6.587164,54.053343],[-6.571868,54.049519],[-6.564013,54.04895]],[[-6.616465,54.037271],[-6.610987,54.039235],[-6.605217,54.044475],[-6.60029,54.04895],[-6.595071,54.052412],[-6.587164,54.053343]]]}},{"type":"Feature","properties":{},"geometry":{"type":"MultiLineString","coordinates":[[[15.107946,50.981024],[15.09389,50.985416],[15.082107,50.992754],[15.073632,51.002624],[15.02299,51.009652],[15.003973,51.020685]],[[15.003973,51.020685],[15.001182,51.012443],[14.996531,51.007844],[14.982062,51.001177],[14.976377,51.000402],[14.970693,50.998697],[14.965629,50.996062],[14.961081,50.992651],[14.960978,50.992651],[14.965215,50.981334],[14.981442,50.973221],[14.996635,50.959216],[14.997771,50.930174],[14.994671,50.92511],[14.984852,50.918082],[14.982062,50.914671],[14.981132,50.90909],[14.981752,50.905266],[14.982889,50.902424],[14.984129,50.867697],[14.982062,50.859067]],[[15.370255,50.772613],[15.368579,50.772949],[15.356096,50.775455],[15.349688,50.783723],[15.350515,50.793232],[15.353305,50.803257],[15.352995,50.812972],[15.341006,50.83173],[15.325813,50.839689],[15.307727,50.844753],[15.28778,50.854881],[15.277134,50.865734],[15.265352,50.88227],[15.25605,50.899892],[15.253053,50.914103],[15.260081,50.932499],[15.268763,50.94299],[15.269796,50.952653],[15.253776,50.969035],[15.227111,50.977406],[15.170164,50.977975],[15.160759,50.992651],[15.156108,51.007844],[15.144429,51.011564]],[[15.144429,51.011564],[15.13151,51.005828],[15.122518,50.992754],[15.122518,50.992651],[15.119211,50.982471],[15.107946,50.981024]],[[14.982062,50.859067],[14.867857,50.86439]],[[14.867857,50.86439],[14.831683,50.857982]],[[14.831683,50.857982],[14.810393,50.858447]],[[15.684345,50.731426],[15.673803,50.733545],[15.666464,50.738093],[15.653235,50.75096],[15.641866,50.755766],[15.441775,50.800208]],[[15.441775,50.800208],[15.400124,50.797986],[15.390822,50.790648],[15.381314,50.780002],[15.370255,50.772613]],[[15.854567,50.673704],[15.848159,50.675151],[15.797619,50.729773],[15.794415,50.735871],[15.792245,50.742692],[15.76744,50.744191]],[[15.76744,50.744191],[15.684345,50.731426]],[[15.982001,50.603631],[15.979934,50.606628],[15.97921,50.60978],[15.980037,50.612984],[15.982001,50.61624],[15.996367,50.623681],[15.998641,50.635567],[15.993163,50.649364],[15.984481,50.662904],[15.971459,50.678613],[15.958023,50.686881],[15.941486,50.68838]],[[15.941486,50.68838],[15.882265,50.674221],[15.854567,50.673704]],[[16.388384,50.521258],[16.388281,50.52715],[16.389624,50.534849],[16.391175,50.539914],[16.395516,50.545701],[16.398306,50.548492],[16.398306,50.551799],[16.394482,50.559344],[16.425901,50.567561],[16.416806,50.586629],[16.331644,50.644042],[16.300948,50.6551],[16.268288,50.660423],[16.232011,50.660888]],[[16.232011,50.660888],[16.219092,50.659131],[16.211754,50.649106],[16.204519,50.636342],[16.192324,50.626575],[16.175477,50.624095]],[[16.175477,50.624095],[16.160284,50.628642],[16.128658,50.644042],[16.086491,50.64678]],[[16.086491,50.64678],[16.024479,50.608592],[15.982001,50.603631]],[[16.335468,50.490356],[16.352624,50.492785],[16.362029,50.501208],[16.382596,50.514179],[16.391175,50.521827]],[[16.391175,50.521827],[16.388384,50.521258]],[[16.303428,50.49604],[16.335468,50.490356]],[[16.217955,50.437129],[16.216095,50.440178],[16.211237,50.451289],[16.217335,50.45165],[16.226534,50.455371],[16.232011,50.456766],[16.247411,50.464983],[16.264981,50.471649],[16.279967,50.479866],[16.287719,50.492785],[16.303428,50.49604]],[[16.198008,50.440023],[16.217955,50.437129]],[[16.2625,50.36442],[16.249685,50.371035],[16.24493,50.376823],[16.232011,50.402609],[16.199559,50.406278],[16.190153,50.424158],[16.198008,50.440023]],[[16.958789,50.414598],[16.944005,50.420267],[16.915794,50.431083],[16.892953,50.432943]],[[16.892953,50.432943],[16.865771,50.422401],[16.865874,50.408449],[16.897914,50.378218],[16.909283,50.359925],[16.916724,50.338634],[16.926543,50.319255],[16.945249,50.306905],[16.969641,50.297758],[16.987831,50.284942],[16.998373,50.26701],[16.99982,50.242722],[17.012842,50.231664],[17.014806,50.218486],[17.008398,50.20996]],[[17.145444,50.376719],[17.131698,50.376823],[17.118882,50.381164],[17.095628,50.393669],[17.084672,50.397958],[16.98194,50.416355]],[[16.98194,50.416355],[16.958789,50.414598]],[[17.269881,50.317757],[17.24611,50.322149],[17.210866,50.336412],[17.201048,50.343233],[17.195053,50.351915],[17.188852,50.364834],[17.185442,50.375686],[17.187612,50.378476],[17.175933,50.38075]],[[17.175933,50.38075],[17.145444,50.376719]],[[16.660616,50.093016],[16.618654,50.10702],[16.584238,50.127432],[16.566668,50.142212],[16.557263,50.154718],[16.545894,50.188824],[16.535042,50.207738],[16.50476,50.227995],[16.492047,50.242722],[16.477578,50.255332],[16.452153,50.284994],[16.437787,50.297965],[16.415566,50.307938],[16.371021,50.318377],[16.353244,50.333518],[16.35066,50.342251],[16.351487,50.351346],[16.350764,50.360648],[16.343736,50.36995],[16.334227,50.371862]],[[16.334227,50.371862],[16.288649,50.371862],[16.27697,50.369433],[16.269839,50.365454],[16.2625,50.36442]],[[17.355044,50.253264],[17.341711,50.259724],[17.334786,50.270008],[17.332823,50.282668],[17.334063,50.295691],[17.329515,50.298223],[17.325381,50.301117],[17.321867,50.304476],[17.319077,50.308248],[17.337474,50.313002],[17.316803,50.318635]],[[17.316803,50.318635],[17.269881,50.317757]],[[17.648359,50.101801],[17.632753,50.106348],[17.584177,50.145881],[17.58211,50.153167],[17.589448,50.163244],[17.600403,50.16681],[17.648669,50.167998],[17.675334,50.174716],[17.717915,50.191098],[17.738173,50.202363],[17.747578,50.217504],[17.731971,50.236005],[17.721429,50.242722],[17.719156,50.252799],[17.721119,50.261946],[17.731971,50.280653],[17.734245,50.283805],[17.734969,50.286802],[17.734452,50.28949],[17.731971,50.291763],[17.713575,50.30768],[17.707994,50.311039],[17.691044,50.315069]],[[17.691044,50.315069],[17.684533,50.312382],[17.681949,50.305561],[17.676368,50.297396],[17.646705,50.271093],[17.629549,50.262101],[17.606398,50.258225]],[[17.429561,50.239777],[17.424187,50.240552],[17.419122,50.242722],[17.409821,50.261326],[17.388013,50.272643]],[[17.388013,50.272643],[17.365896,50.271558],[17.355044,50.253264]],[[17.606398,50.258225],[17.516998,50.268354]],[[17.516998,50.268354],[17.469352,50.265563],[17.44,50.242722],[17.434832,50.2405],[17.429561,50.239777]],[[17.008398,50.20996],[16.996306,50.212905],[16.98566,50.223137],[16.98101,50.229183],[16.975015,50.231819],[16.960339,50.231974]],[[16.960339,50.231974],[16.957548,50.229235],[16.957755,50.217143],[16.955275,50.213474],[16.946283,50.21306]],[[16.946283,50.21306],[16.927783,50.217298]],[[16.927783,50.217298],[16.918998,50.217091],[16.907009,50.211768],[16.890369,50.196937],[16.880964,50.191563],[16.869762,50.189729],[16.857606,50.187739]],[[16.857606,50.187739],[16.837556,50.188617]],[[16.837556,50.188617],[16.817712,50.186757],[16.795284,50.174406],[16.777301,50.15694],[16.766449,50.1434],[16.754253,50.13229],[16.732033,50.121955],[16.701233,50.094928],[16.660616,50.093016]],[[17.875735,49.968682],[17.839355,49.973643],[17.774553,50.015191],[17.763287,50.025216],[17.755433,50.037154],[17.749852,50.049504],[17.74303,50.060563],[17.731971,50.06909],[17.722566,50.075136],[17.719466,50.080872],[17.72267,50.08635],[17.731971,50.091466],[17.732385,50.092189],[17.732592,50.092964],[17.732385,50.093894],[17.731971,50.094876],[17.717915,50.096788],[17.690734,50.10547],[17.677608,50.107744]],[[17.677608,50.107744],[17.666963,50.106142],[17.658488,50.102989],[17.648359,50.101801]],[[18.292454,49.907808],[18.27261,49.918298],[18.267029,49.925067],[18.260105,49.94057],[18.255867,49.946048],[18.243982,49.951732],[18.22052,49.954885],[18.208738,49.958295],[18.177216,49.975814],[18.162023,49.98124],[18.098151,49.989043],[18.085128,49.998758],[18.091639,50.017207],[18.033245,50.041805],[18.019074,50.044087],[18.002446,50.046765]],[[18.002446,50.046765],[18.00689,50.024131],[18.012161,50.022684]],[[18.020119,50.024286],[18.028698,50.024131],[18.035726,50.017207],[18.037483,50.007233],[18.032418,50.00284],[17.999862,49.996588],[17.959761,49.995812],[17.941571,49.992764],[17.912116,49.975814],[17.875735,49.968682]],[[18.012161,50.022684],[18.020119,50.024286]],[[18.481797,49.896645],[18.407486,49.923155],[18.368832,49.932044]],[[18.368832,49.932044],[18.328524,49.92884]],[[18.330695,49.92884],[18.332452,49.928271],[18.333795,49.927135],[18.334932,49.925429],[18.306923,49.909668],[18.292454,49.907808]],[[18.328524,49.92884],[18.330695,49.92884]],[[18.727673,49.668907],[18.715064,49.673817],[18.695427,49.688854],[18.682404,49.695779],[18.668142,49.69857],[18.637343,49.700327],[18.62401,49.706373],[18.617706,49.713866],[18.60768,49.74296],[18.584116,49.774379],[18.566753,49.804765],[18.566339,49.831585],[18.593831,49.852204],[18.567269,49.861454],[18.562929,49.873701],[18.565409,49.889049],[18.559208,49.907187],[18.544428,49.912975]],[[18.544428,49.912975],[18.505051,49.896697],[18.481797,49.896645]],[[18.833196,49.510261],[18.837434,49.526952],[18.83454,49.547623],[18.820174,49.590256],[18.81573,49.599299],[18.803947,49.616766],[18.799297,49.626378],[18.792579,49.660794],[18.788444,49.668597],[18.773458,49.675832]],[[18.773458,49.675832],[18.757852,49.674075],[18.742246,49.669683],[18.727673,49.668907]]]}},{"type":"Feature","properties":{},"geometry":{"type":"MultiLineString","coordinates":[[[20.911932,40.459547],[20.93684,40.472518],[20.946452,40.482905],[20.94976,40.487866],[20.952653,40.493653],[20.95193,40.506056],[20.957924,40.514944],[20.96857,40.520577],[20.981489,40.523264],[20.98831,40.533496],[20.997509,40.53918],[21.006707,40.543211],[21.013528,40.548896],[21.018799,40.558972],[21.02035,40.566776],[21.020763,40.575096],[21.02252,40.586619],[21.033165,40.621398],[21.036679,40.639743],[21.035336,40.65938],[21.028825,40.676846],[21.018593,40.690902],[20.992031,40.7155],[20.963505,40.736068],[20.959165,40.743561],[20.957201,40.751622],[20.95348,40.759167],[20.943662,40.765265],[20.960922,40.780768],[20.967019,40.802007],[20.965262,40.849394]],[[20.866767,40.472053],[20.889608,40.463733],[20.911932,40.459547]],[[20.552885,40.065411],[20.577793,40.067271],[20.615361,40.081017],[20.640218,40.090112],[20.647556,40.09404],[20.651793,40.101016],[20.666779,40.13352],[20.668226,40.138068],[20.663472,40.15662],[20.663162,40.161684],[20.659855,40.172743],[20.660372,40.178892],[20.665022,40.18437],[20.679802,40.187832],[20.68528,40.191191],[20.696442,40.215066],[20.696648,40.235581],[20.694581,40.25558],[20.699129,40.278369],[20.706984,40.288085],[20.717836,40.293924],[20.728791,40.298265],[20.736646,40.303639],[20.739552,40.309166],[20.755043,40.338624],[20.765998,40.354282],[20.770442,40.36255],[20.773853,40.374901],[20.773336,40.38534],[20.768995,40.412573],[20.770649,40.421978],[20.779537,40.429006],[20.800311,40.432779],[20.8092,40.436603],[20.817365,40.446835],[20.821292,40.456395],[20.826666,40.464818],[20.839999,40.471639],[20.866767,40.472053]],[[20.499865,40.071457],[20.552885,40.065411]],[[20.465965,40.060812],[20.481674,40.067788],[20.499865,40.071457]],[[20.432789,40.063809],[20.465965,40.060812]],[[20.371604,39.784291],[20.388967,39.79814],[20.397028,39.818087],[20.392998,39.835451],[20.346902,39.894259],[20.323131,39.912397],[20.317964,39.918391],[20.302977,39.979111],[20.297913,39.986914],[20.310005,39.98986],[20.359925,39.991048],[20.376461,39.993736],[20.380699,40.011667],[20.38907,40.029444],[20.400439,40.045257],[20.413772,40.057194],[20.432789,40.063809]],[[20.288405,39.806615],[20.298326,39.805427],[20.299577,39.805056],[20.336877,39.794006],[20.35455,39.78579],[20.371604,39.784291]],[[20.24603,39.662903],[20.249027,39.684814],[20.264117,39.696079],[20.28272,39.704399],[20.296466,39.71737],[20.299463,39.728222],[20.296466,39.733493],[20.291092,39.737937],[20.287268,39.746671],[20.285511,39.749668],[20.278173,39.756748],[20.275692,39.760055],[20.276829,39.763155],[20.283134,39.775144],[20.284684,39.780312],[20.281377,39.788167],[20.275485,39.792404],[20.273005,39.796487],[20.280033,39.80398],[20.288405,39.806615]],[[20.01607,39.701402],[20.049556,39.69272],[20.089347,39.682799],[20.135236,39.664195],[20.163761,39.6443],[20.184122,39.637013]],[[19.99991,39.693498],[20.01607,39.701402]],[[20.228563,39.669156],[20.237245,39.667037],[20.24603,39.662903]],[[20.184122,39.637013],[20.199935,39.640062],[20.203449,39.645333],[20.203035,39.65262],[20.204172,39.660319],[20.212027,39.667037],[20.220088,39.669156],[20.228563,39.669156]]]}},{"type":"Feature","properties":{},"geometry":{"type":"LineString","coordinates":[[22.13284,48.404798],[22.13377,48.476835],[22.144829,48.493114],[22.148343,48.508823],[22.136664,48.549337],[22.138731,48.569595],[22.153717,48.585873],[22.219036,48.620935],[22.225237,48.628222],[22.235676,48.644164],[22.243221,48.651192],[22.25552,48.656773],[22.282185,48.662405],[22.294277,48.667625],[22.310297,48.681681],[22.322492,48.700336],[22.3289,48.721575],[22.32766,48.743021],[22.330761,48.756405],[22.338409,48.762968],[22.347814,48.767877],[22.356495,48.776145],[22.36342,48.787617],[22.365694,48.794387],[22.363523,48.828287],[22.36156,48.836452],[22.362283,48.844255],[22.368898,48.856451],[22.370799,48.858248],[22.378406,48.865442],[22.402384,48.878826],[22.411789,48.887766],[22.413753,48.893864],[22.41365,48.906783],[22.41489,48.911693],[22.427292,48.929469],[22.448996,48.971431],[22.466566,48.980526],[22.505013,48.984246],[22.520516,48.992928],[22.520103,49.009826],[22.524754,49.032874],[22.531989,49.055715],[22.539637,49.0722]]}},{"type":"Feature","properties":{},"geometry":{"type":"MultiLineString","coordinates":[[[15.003973,49.009774],[15.059576,48.997217],[15.137401,48.993031],[15.144739,48.978924],[15.148977,48.965333],[15.148563,48.951742],[15.141949,48.937479],[15.161792,48.937221]],[[14.919327,48.761573],[14.939584,48.762813],[14.951056,48.780331],[14.948886,48.78214],[14.944441,48.788599],[14.940101,48.796506],[14.938137,48.80281],[14.93979,48.809787],[14.947025,48.822396],[14.968213,48.885028],[14.968316,48.912674],[14.964182,48.943267],[14.964595,48.971741],[14.978238,48.992825],[14.977308,48.998251],[14.977308,49.002902],[14.978858,49.00626],[14.982062,49.007914],[15.003973,49.009774]],[[15.27455,48.986727],[15.279615,48.982593],[15.283749,48.977632],[15.28871,48.975358],[15.335529,48.974996],[15.357853,48.97081],[15.405912,48.954687],[15.450354,48.944817],[15.471851,48.936704],[15.521254,48.908489],[15.544187,48.902612],[15.603729,48.887353],[15.681347,48.858466],[15.703775,48.854952]],[[15.161792,48.937221],[15.238067,48.95076],[15.243234,48.95293],[15.257084,48.963886],[15.260391,48.969157],[15.262872,48.982593],[15.266902,48.986675],[15.27455,48.986727]],[[15.818497,48.872315],[15.824284,48.869421],[15.828315,48.857122],[15.833276,48.852006],[15.840097,48.850094],[15.859218,48.849164],[15.870173,48.843893],[15.877614,48.841671]],[[15.703775,48.854952],[15.726823,48.854952],[15.743669,48.858466],[15.779222,48.870868],[15.787904,48.872263],[15.818497,48.872315]],[[15.885986,48.842033],[15.875754,48.833093]],[[15.877614,48.841671],[15.885986,48.842033]],[[15.888363,48.835056],[15.899629,48.834746],[15.90707,48.830251],[15.908103,48.819709]],[[15.875754,48.833093],[15.888363,48.835056]],[[15.925053,48.822602],[15.930324,48.818313],[15.930324,48.811389],[15.931771,48.806428],[16.032334,48.758059],[16.085354,48.742866]],[[15.908103,48.819709],[15.925053,48.822602]],[[16.519539,48.805601],[16.528737,48.803534],[16.545791,48.796299],[16.605529,48.784827],[16.624029,48.78338],[16.643149,48.778264],[16.651004,48.766223],[16.654725,48.751857],[16.661959,48.740023],[16.675085,48.733926],[16.691001,48.732065]],[[16.481919,48.7994],[16.492254,48.79971],[16.510341,48.804774],[16.519539,48.805601]],[[16.453083,48.80219],[16.481919,48.7994]],[[16.358309,48.727259],[16.374018,48.730308],[16.384974,48.737078],[16.43572,48.794542],[16.453083,48.80219]],[[14.815457,48.780331],[14.86765,48.775577],[14.919327,48.761573]],[[14.675621,48.576235],[14.69114,48.586535],[14.695671,48.589542],[14.700735,48.615535],[14.700219,48.646102],[14.703836,48.673103],[14.722749,48.693411],[14.775356,48.724004],[14.78042,48.743124],[14.790446,48.754855],[14.794476,48.766999],[14.800367,48.776507],[14.815457,48.780331]],[[13.815725,48.76643],[13.855929,48.759299],[13.874946,48.752426],[13.893136,48.743021],[13.915047,48.73098],[13.98233,48.706485],[13.991115,48.700181],[14.007754,48.683283],[14.014162,48.675066],[14.019227,48.671914],[14.026151,48.670054],[14.032146,48.667263],[14.034729,48.661165],[14.032869,48.654912],[14.028322,48.653982]],[[16.177751,48.746535],[16.317588,48.73284]],[[16.085354,48.742866],[16.177751,48.746535]],[[16.339498,48.735579],[16.352727,48.728448],[16.358309,48.727259]],[[16.317588,48.73284],[16.318724,48.733512],[16.339498,48.735579]],[[16.729035,48.733099],[16.744332,48.729637],[16.780505,48.713772],[16.798902,48.709224]],[[16.691001,48.732065],[16.729035,48.733099]],[[16.856573,48.719818],[16.873006,48.718991],[16.896674,48.696977],[16.910523,48.63078],[16.945043,48.604166]],[[16.798902,48.709224],[16.818125,48.710775],[16.856573,48.719818]],[[14.028322,48.653982],[14.023464,48.654602]],[[14.023464,48.654602],[14.020467,48.653155],[14.013749,48.643802],[14.008064,48.642407],[14.006204,48.639513],[14.010855,48.62587],[14.015196,48.620393],[14.032456,48.60613],[14.040827,48.601169],[14.07483,48.591712],[14.216527,48.58117],[14.315746,48.557916]],[[14.458166,48.643182],[14.482144,48.624475],[14.522038,48.610626],[14.53382,48.608714]],[[14.315746,48.557916],[14.325358,48.558639],[14.333213,48.560706],[14.353366,48.571429],[14.405353,48.586286],[14.421166,48.597061],[14.443593,48.636516],[14.458166,48.643182]],[[14.594179,48.621323],[14.600586,48.617576],[14.601827,48.611194],[14.60193,48.604528],[14.605134,48.600316],[14.612885,48.599748]],[[14.53382,48.608714],[14.548807,48.610936],[14.578779,48.620496],[14.594179,48.621323]],[[14.628182,48.603288],[14.634693,48.602332],[14.645442,48.592901],[14.651333,48.583496],[14.659187,48.576959],[14.675621,48.576235]],[[14.612885,48.599748],[14.628182,48.603288]]]}},{"type":"Feature","properties":{},"geometry":{"type":"MultiLineString","coordinates":[[[16.902668,47.682026],[16.98194,47.695436],[17.054804,47.702025],[17.075371,47.708484],[17.064002,47.71329],[17.055527,47.720913],[17.050566,47.730989],[17.048706,47.763649],[17.041988,47.783906],[17.040644,47.801114],[17.05563,47.812354],[17.049119,47.818684],[17.039507,47.837365],[17.031652,47.841345],[17.010672,47.847882],[17.004367,47.852377],[17.004057,47.863281],[17.016563,47.867699],[17.051186,47.872893],[17.067619,47.881626],[17.077541,47.891729],[17.083329,47.904829],[17.087463,47.922632],[17.085396,47.924621],[17.080125,47.925758],[17.075164,47.927773],[17.07413,47.932114],[17.076818,47.934956],[17.086119,47.93922],[17.088083,47.940899],[17.090874,47.949477],[17.095731,47.95573],[17.096145,47.961931],[17.085603,47.970148],[17.148338,48.005443]],[[16.567805,47.754192],[16.609766,47.750627],[16.689865,47.729568],[16.702474,47.7236],[16.707848,47.714608],[16.711569,47.704066],[16.719217,47.693731],[16.730379,47.685902],[16.741128,47.681458],[16.797455,47.675463]],[[16.45453,47.681768],[16.461145,47.684532],[16.47303,47.691767],[16.512924,47.706004],[16.521399,47.711533],[16.526877,47.720137],[16.52512,47.733315],[16.531115,47.742978],[16.567805,47.754192]],[[16.850165,47.712929],[16.864738,47.686729],[16.902668,47.682026]],[[16.797455,47.675463],[16.80624,47.676884],[16.817299,47.684248],[16.836936,47.705358],[16.850165,47.712929]],[[16.43913,47.690475],[16.444918,47.68554],[16.449879,47.682414],[16.45453,47.681768]],[[16.481919,47.638954],[16.425901,47.654276],[16.407815,47.66133],[16.4166,47.668823],[16.431792,47.685463],[16.43913,47.690475]],[[16.575453,47.624949],[16.509617,47.64314]],[[16.509617,47.64314],[16.481919,47.638954]],[[16.481919,47.392302],[16.589406,47.425633],[16.626973,47.445549],[16.640875,47.452919],[16.636845,47.4932],[16.648213,47.501546],[16.677359,47.509866],[16.688004,47.52263],[16.689141,47.53803],[16.68139,47.550561],[16.66754,47.560096],[16.65059,47.566555],[16.656172,47.585934],[16.647697,47.606139],[16.63023,47.622004],[16.608422,47.628773]],[[16.608422,47.628773],[16.575453,47.624949]],[[16.456597,47.411836],[16.46993,47.405531],[16.481919,47.392302]],[[16.41877,47.183659],[16.412776,47.187173],[16.409262,47.203683],[16.424661,47.225594],[16.421354,47.243035],[16.421354,47.243061],[16.421354,47.243138],[16.452463,47.254584],[16.466622,47.263421],[16.473237,47.276805],[16.469206,47.293238],[16.43882,47.336569],[16.436133,47.338559],[16.431689,47.339721],[16.427142,47.341375],[16.424351,47.345199],[16.424971,47.351116],[16.429312,47.353803],[16.434273,47.35556],[16.436443,47.358506],[16.433963,47.39685],[16.444091,47.40951],[16.456597,47.411836]],[[16.447089,47.139708],[16.433653,47.145754],[16.433963,47.151283],[16.442128,47.168336],[16.441818,47.177121],[16.4351,47.183581],[16.426728,47.184124]],[[16.426728,47.184124],[16.41877,47.183659]],[[16.415566,46.989433],[16.420424,46.99026],[16.424764,46.992998],[16.424764,46.993102],[16.441404,46.99522],[16.467449,46.995427],[16.486363,46.998554],[16.481919,47.00938],[16.467553,47.018423],[16.45329,47.021679],[16.424661,47.024082],[16.437167,47.031782],[16.481919,47.04421],[16.493184,47.049145],[16.497215,47.054622],[16.493701,47.059816],[16.481919,47.063898],[16.461765,47.068498],[16.454323,47.081701],[16.460835,47.0963],[16.481919,47.10524],[16.50476,47.125833],[16.509514,47.137537],[16.497318,47.149681],[16.480885,47.150767]],[[16.480885,47.150767],[16.447089,47.139708]],[[16.288545,47.005582],[16.325856,47.00044]],[[16.094035,46.862774],[16.110055,46.867916],[16.122871,46.876365],[16.159148,46.910316],[16.170723,46.918533],[16.196148,46.931297],[16.217025,46.937395],[16.22395,46.941064],[16.230668,46.94835],[16.231185,46.954422],[16.230358,46.959977],[16.232942,46.966075],[16.24307,46.972018],[16.252992,46.973516],[16.261054,46.97809],[16.265394,46.993257],[16.274903,47.004315],[16.288545,47.005582]],[[16.366577,47.003825],[16.387764,47.002042],[16.405024,46.993153],[16.410398,46.990415],[16.415566,46.989433]],[[16.325856,47.00044],[16.366577,47.003825]]]}},{"type":"Feature","properties":{},"geometry":{"type":"LineString","coordinates":[[7.022083,45.92526],[7.066938,45.890223],[7.090192,45.880508],[7.120888,45.876116],[7.153547,45.876529],[7.183726,45.880456],[7.245428,45.89813],[7.27354,45.910274],[7.286666,45.913426],[7.361803,45.907845],[7.393843,45.9157],[7.452961,45.945879],[7.482726,45.954871],[7.503707,45.956731],[7.514662,45.966704],[7.524377,45.978073],[7.541121,45.984119],[7.643027,45.966343],[7.658736,45.960038],[7.673722,45.950323],[7.692533,45.931203],[7.69398,45.928671],[7.706279,45.925725],[7.71465,45.92712],[7.722195,45.929601],[7.732013,45.930376],[7.780072,45.918129],[7.807564,45.91849],[7.825444,45.914666],[7.831232,45.91446],[7.843738,45.919214],[7.846115,45.922573],[7.845288,45.927792],[7.848389,45.938076],[7.84962,45.939712],[7.870201,45.94037],[7.872917,45.959383],[7.883782,45.973869],[7.898205,45.981949],[7.969105,45.993111],[7.978717,45.995178],[7.985848,45.999312],[7.998354,46.010629],[7.999077,46.0128],[8.008792,46.027683],[8.010653,46.029698],[8.015924,46.058172],[8.016027,46.069385],[8.018197,46.080858],[8.025329,46.091141],[8.035354,46.096516],[8.056025,46.098066],[8.066877,46.100598],[8.110595,46.126953],[8.132299,46.159354],[8.129509,46.196044],[8.09995,46.235629],[8.076592,46.249736],[8.073078,46.253612],[8.077315,46.262035],[8.087341,46.271802],[8.106874,46.285548],[8.128475,46.292473],[8.171883,46.299191],[8.192554,46.309164],[8.24175,46.354123],[8.270068,46.364044],[8.281541,46.370116],[8.291462,46.378359],[8.297457,46.387506],[8.297043,46.397634],[8.290429,46.401122],[8.286605,46.40536],[8.294976,46.418046],[8.316267,46.433653],[8.343449,46.443885],[8.385907,46.450206],[8.399156,46.452179],[8.427888,46.44869],[8.441634,46.434945],[8.445768,46.412362],[8.446285,46.382183],[8.442874,46.353373],[8.426648,46.301568],[8.423237,46.275833],[8.427165,46.251442],[8.43812,46.23537],[8.456517,46.224828],[8.482665,46.217542],[8.51026,46.207878],[8.538682,46.187621],[8.601831,46.122819],[8.611546,46.119357],[8.630873,46.114706],[8.677485,46.095792],[8.695055,46.095172],[8.702187,46.097963],[8.71769,46.107523],[8.723891,46.109538],[8.728983,46.108233],[8.732159,46.107419],[8.739497,46.098066],[8.747145,46.094449],[8.763165,46.092898],[8.793861,46.093415],[8.80895,46.089746],[8.834375,46.066388],[8.819596,46.042927],[8.790967,46.018691],[8.773397,45.990579],[8.769573,45.985773],[8.767919,45.983086],[8.785076,45.982311],[8.800372,45.978538],[8.857733,45.957093],[8.864451,45.953424],[8.870962,45.947067],[8.88078,45.931099],[8.898144,45.90955],[8.906515,45.896476],[8.912096,45.883402],[8.91375,45.86609],[8.909719,45.853688],[8.903725,45.841802],[8.900004,45.826403],[8.939588,45.834826],[8.972351,45.824646],[9.002427,45.820718],[9.034363,45.848107],[9.059271,45.881955],[9.063095,45.898957],[9.051726,45.915545],[9.042321,45.919731],[9.020514,45.922779],[9.010798,45.926655],[9.001703,45.93606],[8.993435,45.95425],[8.982686,45.961847],[8.980516,45.964379],[8.979793,45.966911],[8.980516,45.969495],[8.982686,45.971975],[9.015553,45.993111],[8.997776,46.027941],[9.002117,46.03931],[9.027748,46.053107],[9.049659,46.057913],[9.059168,46.061789],[9.067126,46.071142],[9.07033,46.083441],[9.068159,46.105972],[9.072087,46.118892],[9.090587,46.138167],[9.163244,46.172273],[9.163788,46.172989],[9.171099,46.182609],[9.17575,46.194132],[9.181331,46.204054],[9.192183,46.209635],[9.204172,46.213563],[9.215747,46.221056],[9.224842,46.231184],[9.239725,46.266996],[9.268974,46.309371],[9.275175,46.331385],[9.273831,46.344252],[9.260396,46.379728],[9.260292,46.394017],[9.262876,46.406626],[9.260912,46.416651],[9.24758,46.423033],[9.237968,46.436547],[9.245823,46.461041],[9.263186,46.485122],[9.282306,46.49737],[9.330986,46.501504],[9.350829,46.497861],[9.351553,46.485484],[9.377081,46.468689],[9.384626,46.466416],[9.395478,46.469413],[9.400335,46.475407],[9.403849,46.482513],[9.410671,46.488895],[9.426794,46.497111],[9.434648,46.498326],[9.437852,46.492047],[9.443847,46.396136],[9.4424,46.380891],[9.444364,46.375284],[9.451598,46.370375],[9.473716,46.361874],[9.482604,46.35681],[9.502551,46.32074],[9.515264,46.308596],[9.536451,46.298622],[9.559705,46.292731],[9.674324,46.291801],[9.693134,46.297072],[9.70843,46.311748],[9.708844,46.319629],[9.707293,46.330972],[9.709257,46.342392],[9.720109,46.350893],[9.730858,46.350712],[9.755249,46.340532],[9.768065,46.33862],[9.788839,46.343296],[9.855398,46.366964],[9.899013,46.372158],[9.918443,46.37115],[9.93901,46.367455],[9.964022,46.356086],[9.970636,46.339808],[9.97105,46.320016],[9.977561,46.298105],[9.992237,46.284359],[10.031718,46.260072],[10.041847,46.24307],[10.042673,46.220487],[10.075746,46.220022],[10.117914,46.231133],[10.14582,46.243328],[10.158945,46.262449],[10.14613,46.280277],[10.104892,46.309371],[10.095797,46.320533],[10.091766,46.328956],[10.092386,46.338103],[10.09745,46.351642],[10.104995,46.361357],[10.125976,46.37438],[10.13321,46.381098],[10.140755,46.402905],[10.133417,46.414016],[10.116157,46.418822],[10.071405,46.424816],[10.042053,46.432722],[10.026344,46.446262],[10.044017,46.466984],[10.035335,46.471066],[10.030478,46.476673],[10.028101,46.483934],[10.02686,46.493184],[10.031201,46.503829],[10.031408,46.525792],[10.032752,46.532975],[10.04133,46.541863],[10.062931,46.556746],[10.071199,46.564394],[10.083498,46.597002],[10.087839,46.604392],[10.09745,46.608035],[10.192122,46.626819],[10.217856,46.626974],[10.233773,46.617982],[10.235737,46.606691],[10.230259,46.58615],[10.234703,46.575298],[10.275941,46.565531],[10.283796,46.560725],[10.289067,46.555687],[10.295371,46.551087],[10.306637,46.547496],[10.319452,46.546049],[10.354282,46.548323],[10.425906,46.535326],[10.443993,46.537729],[10.451833,46.546702],[10.457945,46.553697],[10.465903,46.578476],[10.466627,46.604288],[10.459082,46.623564],[10.438205,46.635656],[10.395623,46.638808],[10.377537,46.653277],[10.369165,46.672398],[10.373919,46.681906],[10.384771,46.689012],[10.394383,46.70082],[10.396554,46.715005],[10.395623,46.7264],[10.399654,46.735546],[10.416604,46.743014],[10.428696,46.755648],[10.426216,46.76942],[10.419085,46.783967],[10.417224,46.79885],[10.439032,46.816885],[10.444923,46.823241],[10.44854,46.832233],[10.453811,46.864427]]}},{"type":"Feature","properties":{},"geometry":{"type":"MultiLineString","coordinates":[[[9.860566,47.001602],[9.856328,47.004083],[9.857982,47.015478],[9.669053,47.056199],[9.65231,47.05793]],[[9.65231,47.05793],[9.59991,47.053486]],[[9.59991,47.053486],[9.581203,47.05687]],[[10.13197,46.846573],[10.125188,46.846751],[10.1113,46.847116],[10.068098,46.856624],[10.045567,46.865564],[10.006913,46.890757],[9.899943,46.914398],[9.875138,46.927421],[9.862426,46.939772],[9.860772,46.949151],[9.863976,46.959925],[9.866457,46.983387],[9.870591,46.992947],[9.870591,46.998838],[9.866767,47.001938]],[[9.866767,47.001938],[9.860566,47.001602]],[[10.384255,46.993153],[10.378984,46.995505],[10.373403,46.996254]],[[10.373403,46.996254],[10.367925,46.995505],[10.338883,46.98411],[10.313665,46.964318],[10.296198,46.941374],[10.295681,46.922693],[10.270773,46.921892]],[[10.453811,46.864427],[10.451434,46.88577],[10.463836,46.919747],[10.458462,46.936619],[10.449574,46.943906],[10.415571,46.962406],[10.394693,46.985402],[10.384358,46.992998],[10.384358,46.993153]],[[10.384358,46.993153],[10.384255,46.993153]],[[10.270773,46.921892],[10.251343,46.92538]],[[10.251343,46.92538],[10.235116,46.923313],[10.219924,46.905769],[10.215169,46.893108],[10.214342,46.884685],[10.211655,46.877036],[10.201423,46.86683],[10.157808,46.851612],[10.13197,46.846573]]]}},{"type":"Feature","properties":{},"geometry":{"type":"MultiLineString","coordinates":[[[22.92969,54.380299],[22.918838,54.381126],[22.858894,54.399213],[22.837603,54.400918]],[[22.837603,54.400918],[22.812695,54.394097],[22.811344,54.392633],[22.78603,54.36521],[22.76722,54.35627]],[[23.050096,54.294827],[23.032113,54.309554],[23.032216,54.320148],[23.038004,54.331465],[23.041622,54.340974],[23.035317,54.346503],[23.001004,54.34888],[22.989738,54.353376],[22.983434,54.359784],[22.97899,54.367587],[22.973305,54.37539],[22.96266,54.381695],[22.952428,54.38309]],[[22.952428,54.38309],[22.92969,54.380299]],[[23.485625,53.939293],[23.48976,53.945132],[23.49038,53.95061],[23.487486,53.955622],[23.481595,53.960118],[23.470949,53.965286],[23.462888,53.972521],[23.45865,53.981616],[23.45927,53.992313],[23.464128,53.996757],[23.469502,54.000684],[23.481595,54.006627],[23.496477,54.021975],[23.496167,54.044558],[23.481595,54.091221],[23.473947,54.112564],[23.462991,54.13494],[23.449039,54.154938],[23.432502,54.169305],[23.423304,54.172508],[23.401806,54.175971],[23.391471,54.180105],[23.382273,54.187856],[23.364082,54.208269],[23.354471,54.217054],[23.33599,54.226294],[23.316023,54.236277],[23.235408,54.254157],[23.197271,54.267851],[23.135259,54.298289],[23.117069,54.303457]],[[23.117069,54.303457],[23.096915,54.300821],[23.073041,54.294878],[23.050096,54.294827]]]}},{"type":"Feature","properties":{},"geometry":{"type":"MultiLineString","coordinates":[[[7.194591,53.245022],[7.197472,53.216624],[7.198506,53.200578],[7.195405,53.184998],[7.188584,53.167789],[7.174425,53.145775],[7.171944,53.137714],[7.172668,53.125751],[7.176492,53.119394],[7.181349,53.114175],[7.18507,53.105442],[7.194372,53.033844],[7.192821,52.998006],[7.183623,52.966122],[7.161919,52.932636],[7.079857,52.854424],[7.072151,52.841317],[7.061977,52.824012],[7.053295,52.790577],[7.043993,52.682625],[7.036655,52.647382],[7.018465,52.625988]],[[6.91842,52.632189],[6.8654,52.641956]],[[6.8654,52.641956],[6.770522,52.641026],[6.737035,52.634695],[6.719083,52.626759],[6.701792,52.619115],[6.710164,52.60865],[6.7082,52.599685],[6.703652,52.59139],[6.703962,52.583071],[6.71099,52.576637],[6.743753,52.559713],[6.688253,52.542582],[6.671716,52.541678],[6.684015,52.525994],[6.687529,52.50814],[6.688976,52.490518],[6.695074,52.475609],[6.714814,52.461553],[6.741169,52.453673],[6.820338,52.446826],[6.872014,52.434733],[6.90023,52.431917]],[[7.018465,52.625988],[6.982808,52.632783],[6.967719,52.636659]],[[6.967719,52.636659],[6.91842,52.632189]],[[6.9733,52.451373],[7.034175,52.390783],[7.048231,52.365074],[7.039756,52.328616],[7.019705,52.300039],[7.012471,52.284949],[7.011851,52.26663],[7.020739,52.245262],[7.0266,52.238623],[7.029111,52.235779],[7.02632,52.230637],[6.981878,52.213997],[6.97113,52.206272],[6.947668,52.182811],[6.927721,52.171907],[6.88483,52.160332],[6.8654,52.1478],[6.843282,52.119998],[6.830673,52.112893],[6.771576,52.108793],[6.765871,52.108397],[6.749851,52.102867],[6.732901,52.091989],[6.72763,52.086305],[6.719465,52.073567],[6.711404,52.067288],[6.699415,52.063567],[6.688873,52.063102],[6.679881,52.060467],[6.672957,52.050054],[6.675024,52.034809],[6.69094,52.027859],[6.712851,52.023854],[6.77817,52.001271],[6.804008,51.984373],[6.809176,51.979542],[6.811656,51.972798],[6.810726,51.960576],[6.805662,51.957527],[6.798014,51.956701],[6.789849,51.951145],[6.767008,51.925514],[6.743753,51.908331],[6.716675,51.899262],[6.628153,51.897505],[6.528624,51.876421],[6.479428,51.853012],[6.462892,51.848361],[6.442531,51.848361]],[[6.90023,52.431917],[6.926481,52.432976],[6.951493,52.437472],[6.960794,52.442847],[6.966995,52.449565],[6.9733,52.451373]],[[6.22518,51.862546],[6.191384,51.87115],[6.159241,51.887299],[6.126995,51.89673]],[[6.126995,51.89673],[6.092992,51.88531],[6.105394,51.87947],[6.142705,51.855182],[6.156141,51.842056]],[[6.344966,51.821102],[6.341969,51.836682],[6.325743,51.842547],[6.287399,51.846165],[6.282851,51.849601],[6.271792,51.8619],[6.264661,51.866189],[6.256393,51.866809]],[[6.256393,51.866809],[6.22518,51.862546]],[[6.442531,51.848361],[6.378453,51.860117]],[[6.378453,51.860117],[6.386617,51.837561],[6.382483,51.827587],[6.344966,51.821102]],[[6.156141,51.842056],[6.140018,51.844537],[6.116453,51.848283],[6.084,51.853658]],[[6.084,51.853658],[6.043279,51.846862],[6.028913,51.842108],[6.008243,51.832574],[5.988916,51.827458],[5.948091,51.822962],[5.931451,51.81565],[5.928041,51.806736],[5.950778,51.795909],[5.964111,51.776556],[5.962354,51.756351],[5.946056,51.746288],[5.940133,51.742631],[5.939306,51.731882],[5.949228,51.729376]],[[5.97827,51.729789],[5.989742,51.726379],[6.012067,51.715863],[6.021989,51.709506],[6.008553,51.681188],[6.031497,51.662998],[6.099193,51.644472],[6.087514,51.622096],[6.08214,51.607807],[6.086481,51.595534],[6.15304,51.538431],[6.193348,51.509338],[6.200479,51.476575],[6.205337,51.458436],[6.201719,51.438644],[6.194071,51.417379],[6.192727,51.398957],[6.207817,51.387666],[6.202029,51.378881],[6.198929,51.35697],[6.193554,51.344516],[6.183632,51.335705],[6.158208,51.324594],[6.147769,51.318161],[6.096506,51.25881],[6.075422,51.242661],[6.06519,51.231629],[6.056612,51.211707],[6.053718,51.189383],[6.060849,51.170909],[6.08431,51.162692]],[[5.949228,51.729376],[5.97827,51.729789]],[[6.134126,51.184215],[6.157071,51.179254],[6.149113,51.176335],[6.126272,51.164578],[6.147252,51.152254],[6.132369,51.139825],[6.075422,51.120369],[5.982921,51.074687],[5.969485,51.06492],[5.950262,51.03947],[5.937963,51.030943],[5.919566,51.029703]],[[6.08431,51.162692],[6.134126,51.184215]],[[5.919566,51.029703],[5.906233,51.037403],[5.894348,51.047144],[5.880498,51.052053]],[[5.880498,51.052053],[5.85249,51.042751],[5.858174,51.019342],[5.873574,50.990584],[5.874607,50.965366]],[[5.927731,50.977665],[5.94158,50.976476],[5.967832,50.970998]],[[5.874607,50.965366],[5.88825,50.967123],[5.914192,50.975236],[5.927731,50.977665]],[[6.003695,50.973737],[6.005762,50.968518],[5.999664,50.960095],[5.99584,50.951775],[5.997287,50.937357],[5.999871,50.929399],[6.007519,50.924076],[6.031084,50.914723],[6.063743,50.90754],[6.061779,50.903509],[6.056508,50.898083],[6.054648,50.891468],[6.063123,50.870901],[6.062813,50.862943],[6.056715,50.852659],[6.045553,50.844184]],[[5.967832,50.970998],[6.003695,50.973737]],[[6.045553,50.844184],[6.023022,50.845425]],[[6.023022,50.845425],[6.009276,50.840464],[6.000491,50.830439],[6.001421,50.821809],[6.003592,50.81261],[5.998321,50.800725],[5.983955,50.792198]],[[5.983955,50.792198],[5.968762,50.794627]],[[5.968762,50.794627],[5.972999,50.781811],[5.980647,50.773439],[5.990569,50.769047],[5.997081,50.762949],[5.99491,50.749927]]]}},{"type":"Feature","properties":{},"geometry":{"type":"LineString","coordinates":[[9.581203,47.05687],[9.608798,47.080771],[9.615723,47.106764],[9.605594,47.132266],[9.581823,47.154901],[9.552057,47.16689],[9.551954,47.175571],[9.561876,47.190609],[9.562909,47.19774],[9.554331,47.211615],[9.544823,47.220323],[9.540378,47.229108],[9.547096,47.243035],[9.53025,47.253654],[9.521155,47.262801]]}},{"type":"Feature","properties":{},"geometry":{"type":"LineString","coordinates":[[7.502289,43.792222],[7.482726,43.840219],[7.477869,43.865515],[7.493475,43.886237],[7.53678,43.920783],[7.556934,43.944089],[7.60861,43.975611],[7.630934,43.993543],[7.638686,44.005067],[7.646954,44.027495],[7.653362,44.03969],[7.664317,44.048579],[7.678787,44.056588],[7.689949,44.067337],[7.691912,44.084649],[7.687943,44.090799],[7.676203,44.108988],[7.654085,44.124956],[7.64189,44.14356],[7.655636,44.176064],[7.624733,44.180095],[7.583599,44.160716],[7.554763,44.159063],[7.38082,44.122941],[7.340616,44.123664],[7.331004,44.125266],[7.321599,44.131881],[7.316225,44.140201],[7.3093,44.147487],[7.296174,44.151156],[7.270129,44.154309],[7.251319,44.160045],[7.144969,44.207225],[7.104868,44.217767],[7.04606,44.240298],[7.033451,44.242934],[7.020016,44.242107],[7.008027,44.239213],[6.996141,44.237818],[6.982808,44.241745],[6.973403,44.249445],[6.968856,44.258178],[6.965549,44.267532],[6.959244,44.27735],[6.950046,44.285102],[6.930202,44.295385],[6.92121,44.302155],[6.915629,44.3097],[6.903847,44.330008],[6.895992,44.339827],[6.873978,44.358379],[6.869844,44.362926],[6.866123,44.372125],[6.86633,44.377189],[6.86881,44.383183],[6.877182,44.414396],[6.88421,44.423026],[6.9178,44.436307],[6.891651,44.451965],[6.861266,44.474909],[6.838838,44.502918],[6.835737,44.534027],[6.846383,44.547463],[6.897336,44.57542],[6.931649,44.61795],[6.945601,44.625443],[6.934336,44.646682],[6.941467,44.66699],[6.959864,44.683165],[6.982808,44.692157],[7.001205,44.69226],[7.037275,44.684612],[7.055155,44.684871],[7.049368,44.697893],[7.018982,44.738872],[7.015158,44.747399],[7.009784,44.7721],[6.998415,44.793753],[6.999138,44.795045],[7.004099,44.810806],[7.00596,44.811529],[7.005856,44.816335],[7.006786,44.819023],[7.007096,44.822071],[7.004926,44.827963],[7.000792,44.832975],[6.982808,44.846979],[6.932682,44.861656],[6.915319,44.862689],[6.86602,44.855661],[6.847106,44.859072],[6.77817,44.887649],[6.745407,44.907803],[6.72794,44.928732],[6.729904,44.984697],[6.723496,45.013378],[6.697245,45.026917],[6.662208,45.029242],[6.651666,45.03565],[6.639677,45.050378],[6.63699,45.059421],[6.638127,45.067431],[6.636576,45.074459],[6.620298,45.084433],[6.602728,45.10345],[6.614614,45.114767],[6.629385,45.123545],[6.632701,45.125515],[6.667376,45.139623],[6.676264,45.14076],[6.694351,45.140295],[6.702205,45.141225],[6.710887,45.144739],[6.72887,45.154609],[6.736415,45.157348],[6.771452,45.153162],[6.808142,45.139106],[6.844109,45.130115],[6.876665,45.141225],[6.878629,45.147426],[6.872841,45.152025],[6.86819,45.157451],[6.873461,45.165926],[6.881316,45.168407],[6.904674,45.168614],[6.913769,45.170164],[6.928445,45.179569],[6.945808,45.201066],[6.958727,45.2098],[6.994487,45.221324],[7.029731,45.228197],[7.037689,45.225768],[7.050195,45.215019],[7.055466,45.213675],[7.062183,45.218533],[7.0812,45.243079],[7.108382,45.259202],[7.108382,45.274912],[7.097634,45.294962],[7.092569,45.323953],[7.097737,45.329844],[7.130086,45.357078],[7.150757,45.383226],[7.159645,45.39847],[7.160679,45.410924],[7.152927,45.41511],[7.110139,45.428288],[7.096807,45.435419],[7.088745,45.446633],[7.081821,45.459087],[7.075369,45.466286],[7.072002,45.470042],[7.02849,45.493142],[6.982808,45.511125],[6.975264,45.525646],[6.969786,45.566987],[6.965859,45.574429],[6.954903,45.586211],[6.952939,45.594272],[6.955627,45.602592],[6.967099,45.620162],[6.969476,45.625847],[6.963378,45.640729],[6.951079,45.646776],[6.918626,45.652563],[6.905294,45.659695],[6.882556,45.675508],[6.869224,45.679022],[6.843075,45.682742],[6.8161,45.69685],[6.795946,45.718141],[6.784681,45.759585],[6.781994,45.777465],[6.782717,45.795294],[6.788092,45.811727],[6.800804,45.826455],[6.816204,45.832914],[6.843356,45.838643],[6.851997,45.836223],[6.858564,45.833458],[6.864441,45.826891],[6.870662,45.828273],[6.871699,45.832767],[6.872736,45.83968],[6.873461,45.8448],[6.880386,45.845523],[6.905087,45.845368],[6.926378,45.849761],[6.949012,45.857822],[6.969166,45.869759],[6.982808,45.885779],[6.989113,45.899267],[6.997175,45.911307],[7.007717,45.920506],[7.022083,45.92526]]}},{"type":"Feature","properties":{},"geometry":{"type":"MultiLineString","coordinates":[[[29.598379,65.034378],[29.588147,64.991435],[29.633622,64.90715],[29.698321,64.839144],[29.78028,64.795581],[29.877845,64.784832],[30.062537,64.78416]],[[30.136434,64.615385],[29.965798,64.578643],[29.95877,64.574871],[29.954843,64.56898],[29.958874,64.565983],[29.965178,64.564432],[29.968486,64.56283],[29.970036,64.545415],[29.973602,64.536217],[29.980785,64.52676],[29.978924,64.524021],[29.978201,64.521127],[29.978976,64.518337],[29.980785,64.515546],[29.991533,64.513221],[29.993394,64.51074],[29.9905,64.504178],[30.035768,64.491465]],[[30.051271,63.763758],[29.998433,63.7471],[29.980785,63.741537],[30.001145,63.715337]],[[30.145649,61.850469],[29.977684,61.728171],[29.84224,61.660165],[29.82188,61.644585],[29.798057,61.609651],[29.779143,61.593115],[29.635121,61.511104],[29.60427,61.499193],[29.539726,61.484956],[29.51704,61.47506],[29.499057,61.459247],[29.480867,61.434778],[29.4634,61.413824],[29.318396,61.338428],[29.289251,61.316207],[29.277059,61.304599],[29.262275,61.290524],[29.203158,61.245901],[29.130087,61.213422],[28.980846,61.168102],[28.926379,61.147948],[28.855479,61.112679],[28.797601,61.09684],[28.781323,61.08697],[28.750162,61.061364],[28.688977,61.027387],[28.670684,61.012479],[28.653837,60.991885],[28.653837,60.99186],[28.653734,60.991756],[28.653734,60.991679],[28.614563,60.961939],[28.526403,60.950234],[28.480928,60.933465],[28.335924,60.859387],[28.24394,60.791588],[28.148132,60.757714],[28.003782,60.664226],[27.98101,60.649477],[27.892953,60.604261],[27.807872,60.553046]]]}},{"type":"Feature","properties":{},"geometry":{"type":"MultiLineString","coordinates":[[[19.79045,46.129072],[19.772984,46.131552],[19.711889,46.15871],[19.690095,46.168398],[19.669321,46.1731],[19.647824,46.173875]],[[19.647824,46.173875],[19.589739,46.165969]],[[19.589739,46.165969],[19.568449,46.166434]],[[19.568449,46.166434],[19.549948,46.16416],[19.525247,46.156409],[19.501993,46.145608],[19.487523,46.134239],[19.48928,46.126023],[19.496722,46.116876],[19.499305,46.108608],[19.47295,46.098686],[19.465922,46.091968],[19.460858,46.084475],[19.453727,46.07755],[19.43688,46.06799],[19.428302,46.06551],[19.417243,46.064321],[19.404738,46.060239],[19.396573,46.051557],[19.389131,46.041532],[19.378899,46.033677],[19.362156,46.029646],[19.325156,46.029491],[19.306966,46.026649],[19.298315,46.022123],[19.286915,46.016159],[19.279474,46.003808],[19.274823,45.991612],[19.263454,45.981432],[19.235652,45.977711]],[[20.034983,46.142973],[19.993125,46.159406],[19.92915,46.16354]],[[19.92915,46.16354],[19.888946,46.15739],[19.873649,46.152992],[19.79045,46.129072]],[[20.138026,46.136461],[20.130378,46.139355],[20.120146,46.149226],[20.114772,46.152223],[20.098442,46.154962]],[[20.098442,46.154962],[20.088623,46.154135],[20.063405,46.145298],[20.034983,46.142973]],[[20.242826,46.108091],[20.188462,46.140389],[20.170479,46.145505]],[[20.170479,46.145505],[20.145364,46.137082],[20.138026,46.136461]],[[19.235652,45.977711],[19.148009,45.984068],[19.125788,45.993111],[19.125788,45.993266],[19.111009,46.012955],[19.088478,46.018846]],[[19.088478,46.018846],[19.06543,46.012025],[19.049721,45.993111],[19.048584,45.963449],[19.03091,45.960038]],[[19.03091,45.960038],[19.005589,45.96257]],[[19.005589,45.96257],[18.981818,45.950788],[18.978717,45.947171],[18.977684,45.943502],[18.97882,45.939781],[18.986469,45.931254],[18.988742,45.927017],[18.987502,45.923813],[18.981818,45.921849]],[[18.981818,45.921849],[18.962697,45.927947],[18.901306,45.931203]]]}},{"type":"Feature","properties":{},"geometry":{"type":"MultiLineString","coordinates":[[[16.577623,46.470653],[16.564291,46.479929],[16.521089,46.498532],[16.515302,46.501711]],[[16.75508,46.381873],[16.742885,46.399624],[16.712395,46.412672],[16.693585,46.429622],[16.677462,46.44869],[16.659272,46.464193],[16.637671,46.474477],[16.61111,46.478069],[16.602118,46.482048],[16.594263,46.482978]],[[16.594263,46.482978],[16.588062,46.479567],[16.583721,46.470653],[16.577623,46.470653]],[[16.827531,46.374018],[16.820916,46.3781],[16.816575,46.381976],[16.812338,46.385025],[16.807894,46.387351],[16.803449,46.388694],[16.776474,46.39288],[16.769343,46.39611]],[[16.769343,46.39611],[16.761901,46.381873],[16.75508,46.381873]],[[17.327138,45.972027],[17.316596,45.973784],[17.306613,45.979914],[17.304814,45.981019],[17.290138,45.984636],[17.290138,45.991457],[17.296959,45.992646],[17.309362,45.996625],[17.316803,45.997659],[17.307811,46.006392],[17.291482,46.007942],[17.275875,46.012025],[17.268951,46.028716],[17.266574,46.038793],[17.254068,46.070832],[17.24859,46.080238],[17.208593,46.116566],[17.197327,46.121165],[17.116195,46.123129],[17.101209,46.128193],[17.052943,46.153463],[17.041264,46.162196],[17.036303,46.172997],[17.028035,46.18049],[16.974808,46.210565],[16.9653,46.219454],[16.940702,46.251493],[16.903288,46.281931],[16.896054,46.286271],[16.889232,46.292163],[16.879312,46.312062],[16.871766,46.327199],[16.875073,46.342857],[16.865461,46.359135],[16.859411,46.364758],[16.850475,46.373062],[16.837659,46.381873],[16.832388,46.381925]],[[16.832388,46.381925],[16.830218,46.377351],[16.827531,46.374018]],[[17.345328,45.955697],[17.342124,45.958643],[17.343675,45.967531],[17.337887,45.984636]],[[17.337887,45.984636],[17.327138,45.972027]],[[17.406203,45.943657],[17.399692,45.959935],[17.38915,45.963087]],[[17.38915,45.963087],[17.365276,45.956731],[17.345328,45.955697]],[[17.858062,45.771729],[17.857959,45.775863],[17.838218,45.799635],[17.809176,45.814414],[17.687323,45.840614],[17.664689,45.841647],[17.656524,45.84542],[17.654669,45.852113],[17.653217,45.857357],[17.65208,45.868829],[17.646912,45.883712],[17.645775,45.891825],[17.638437,45.901334],[17.591102,45.936215],[17.554308,45.947791],[17.511933,45.95394],[17.426667,45.956731]],[[17.426667,45.956731],[17.418192,45.95301],[17.415402,45.949703],[17.411578,45.946602],[17.406203,45.943657]],[[18.901306,45.931203],[18.886526,45.930428],[18.876604,45.922418],[18.865442,45.918077],[18.845392,45.913943],[18.828339,45.905726],[18.822451,45.905582],[18.817797,45.905468]],[[18.817797,45.905468],[18.804878,45.913633]],[[18.804878,45.913633],[18.794852,45.903039],[18.790408,45.893892],[18.785964,45.886916],[18.775525,45.882834]],[[18.775525,45.882834],[18.76333,45.88397],[18.723849,45.89844],[18.674343,45.910377]],[[18.674343,45.910377],[18.655636,45.907587],[18.633002,45.891929],[18.629281,45.886864],[18.626284,45.874824],[18.623597,45.868674],[18.62215,45.868416],[18.60737,45.856685],[18.585459,45.82692],[18.57347,45.816688],[18.530269,45.79085],[18.504224,45.784028]],[[18.080477,45.771729],[17.975367,45.792141]],[[17.975367,45.792141],[17.906234,45.792141],[17.889791,45.792141],[17.88049,45.788524],[17.875735,45.780669],[17.870051,45.773486],[17.858062,45.771729]],[[18.504224,45.784028],[18.481797,45.791418]],[[18.481797,45.791418],[18.465467,45.783718],[18.43074,45.753642],[18.411723,45.743204],[18.404385,45.741809],[18.397564,45.741343]],[[18.317672,45.747286],[18.300516,45.751834],[18.283256,45.764908],[18.260518,45.765115],[18.229822,45.781238],[18.211219,45.785372]],[[18.211219,45.785372],[18.12895,45.785372],[18.120165,45.783408],[18.102905,45.774623],[18.092053,45.771729],[18.080477,45.771729]],[[18.397564,45.741343],[18.390743,45.741809],[18.384128,45.7431],[18.383818,45.743204],[18.367178,45.75819],[18.351158,45.758397]],[[18.351158,45.758397],[18.334932,45.751989],[18.317672,45.747286]]]}},{"type":"Feature","properties":{},"geometry":{"type":"LineString","coordinates":[[13.64292,45.45943],[13.64282,45.459448]]}},{"type":"Feature","properties":{},"geometry":{"type":"MultiLineString","coordinates":[[[16.343426,46.714178],[16.334124,46.721749],[16.325546,46.733273],[16.314177,46.743324],[16.300431,46.772082],[16.298157,46.775802],[16.29949,46.77951],[16.302188,46.787016],[16.311097,46.797519],[16.3149,46.802002],[16.321825,46.813268],[16.327509,46.825463],[16.329783,46.834403],[16.325339,46.839442],[16.310663,46.84001],[16.301878,46.843214],[16.297392,46.847033],[16.282241,46.859932],[16.272009,46.863962]],[[16.272009,46.863962],[16.179486,46.858468],[16.135376,46.855849]],[[16.135376,46.855849],[16.130246,46.856708],[16.094035,46.862774]],[[16.515302,46.501711],[16.500832,46.544809],[16.467139,46.564704],[16.430242,46.604392],[16.394585,46.619016],[16.376395,46.629093],[16.372246,46.636341],[16.368437,46.642994],[16.377636,46.652864],[16.396652,46.659143],[16.402607,46.663109],[16.410502,46.668367],[16.405024,46.687255],[16.390038,46.694154],[16.371434,46.694929],[16.366216,46.696467],[16.365383,46.696712],[16.357585,46.699011],[16.357275,46.715832]],[[16.357275,46.715832],[16.343426,46.714178]]]}},{"type":"Feature","properties":{},"geometry":{"type":"MultiLineString","coordinates":[[[27.546411,41.901164],[27.533182,41.908063],[27.509463,41.933178],[27.494321,41.942841],[27.420837,41.973718],[27.39686,41.989324],[27.374845,42.008703],[27.332471,42.057434],[27.305289,42.077588],[27.273353,42.091747],[27.238213,42.097922]],[[27.238213,42.097922],[27.216405,42.095623],[27.203796,42.08813],[27.181576,42.065883],[27.178992,42.061878],[27.178165,42.058364],[27.173824,42.057072]],[[27.11605,42.061826],[27.10065,42.071102],[27.0837,42.078415],[27.06551,42.082704],[27.047903,42.08292],[27.046545,42.082936]],[[27.046545,42.082936],[27.022619,42.073893],[27.000398,42.04281],[26.981071,42.032862],[26.96717,42.028495],[26.95823,42.018237],[26.950065,42.006171],[26.938903,41.996223],[26.930221,41.994518]],[[27.173824,42.057072],[27.149588,42.061826],[27.127212,42.062576]],[[27.127212,42.062576],[27.11605,42.061826]],[[26.930221,41.994518],[26.911463,41.996792]],[[26.911463,41.996792],[26.901076,41.993484],[26.890327,41.985423]],[[27.917035,41.977904],[27.903392,41.981056],[27.876934,41.99072],[27.852232,41.995448],[27.843034,41.995758]],[[27.843034,41.995758],[27.824017,41.993484]],[[27.824017,41.993484],[27.819935,41.994699],[27.815955,41.995138]],[[27.815955,41.995138],[27.811925,41.994699],[27.807997,41.993484],[27.804948,41.983433],[27.804897,41.969894],[27.802726,41.96005],[27.818281,41.952867],[27.815335,41.946795],[27.80283,41.943074],[27.789807,41.942686]],[[26.890327,41.985423],[26.881129,41.985526],[26.871724,41.988136]],[[26.871724,41.988136],[26.860768,41.987903],[26.85002,41.982865],[26.837899,41.97522],[26.827695,41.968783],[26.819427,41.965657]],[[26.819427,41.965657],[26.80842,41.967879],[26.78992,41.979945],[26.780566,41.983433]],[[26.780566,41.983433],[26.768578,41.980772],[26.746977,41.964494],[26.736745,41.958965],[26.717573,41.957311]],[[28.016783,41.972531],[27.98101,41.978524],[27.96592,41.982141]],[[27.96592,41.982141],[27.917035,41.977904]],[[26.717573,41.957311],[26.623573,41.969041]],[[26.623573,41.969041],[26.605693,41.967414],[26.589467,41.958758],[26.560632,41.935684],[26.553293,41.931576],[26.547092,41.926899],[26.542958,41.920362],[26.544715,41.916435],[26.556807,41.91075],[26.559805,41.90734],[26.558978,41.901733],[26.55474,41.892948],[26.553604,41.887703],[26.552895,41.881643],[26.552053,41.874448],[26.547816,41.856283],[26.539548,41.83799],[26.526112,41.824244],[26.478363,41.813289]],[[27.789807,41.942686],[27.776165,41.946123],[27.723971,41.967595],[27.687074,41.968602]],[[27.687074,41.968602],[27.609301,41.953487],[27.606873,41.943513],[27.603359,41.93863],[27.598088,41.938604]],[[27.598088,41.938604],[27.590543,41.942893]],[[27.590543,41.942893],[27.582378,41.934883],[27.572198,41.929845],[27.550752,41.924212],[27.552096,41.921835],[27.554886,41.920336],[27.557935,41.91907],[27.560674,41.917675],[27.55747,41.915505],[27.551269,41.913102],[27.548892,41.91088],[27.562741,41.906435],[27.546411,41.901164]],[[26.478363,41.813289],[26.375527,41.816622]],[[26.375527,41.816622],[26.334185,41.789543],[26.320026,41.765462],[26.316305,41.743758],[26.32323,41.723682],[26.333359,41.713036]]]}},{"type":"Feature","properties":{},"geometry":{"type":"MultiLineString","coordinates":[[[12.48216,43.982567],[12.489188,43.97311],[12.492392,43.956419],[12.490325,43.939159],[12.483094,43.929205],[12.48216,43.927919],[12.479576,43.9258],[12.478026,43.923216],[12.477494,43.920051],[12.478287,43.917038],[12.460456,43.895259],[12.42945,43.892056]],[[12.42945,43.892056],[12.399581,43.903218],[12.385629,43.924534],[12.395654,43.948409],[12.411049,43.959661],[12.421389,43.967219],[12.453325,43.979053],[12.48216,43.982567]]]}},{"type":"Feature","properties":{},"geometry":{"type":"MultiLineString","coordinates":[[[5.99491,50.749927],[5.993256,50.748066],[5.992636,50.746258],[5.99274,50.744449],[5.994187,50.742589],[6.010826,50.737059],[6.011343,50.727447],[6.007623,50.716905],[6.01155,50.708534],[6.024779,50.707552]],[[6.064363,50.714477],[6.081003,50.713495],[6.100227,50.701299],[6.161102,50.642181],[6.147769,50.636755],[6.159448,50.622389],[6.180015,50.615516],[6.249055,50.614431],[6.251329,50.608437],[6.244301,50.599548],[6.232932,50.590763],[6.232932,50.587146],[6.210608,50.578671],[6.179085,50.561979],[6.160688,50.543583],[6.177328,50.530198],[6.169473,50.522499],[6.170817,50.517951],[6.178878,50.515781],[6.190557,50.515212],[6.182599,50.506582],[6.19066,50.501828],[6.199239,50.490408],[6.207197,50.486325],[6.217119,50.486015]],[[6.024779,50.707552],[6.064363,50.714477]],[[6.255566,50.494593],[6.25784,50.494077],[6.260114,50.492681],[6.27541,50.48803],[6.318715,50.481674],[6.336905,50.481003],[6.325743,50.474026],[6.323262,50.466016],[6.326156,50.457025],[6.331634,50.446896],[6.340212,50.437853],[6.347343,50.436974],[6.351167,50.433564],[6.350444,50.416872],[6.343313,50.393308],[6.336388,50.379923],[6.337732,50.368089],[6.372458,50.329436],[6.3734,50.32308],[6.374525,50.315483],[6.362019,50.306956],[6.335458,50.303856]],[[6.217119,50.486015],[6.250915,50.492681],[6.253086,50.494077],[6.255566,50.494593]],[[6.335458,50.303856],[6.322022,50.305406],[6.310653,50.308248],[6.299491,50.308868]],[[6.299491,50.308868],[6.285952,50.303856],[6.27603,50.296104],[6.269415,50.286492],[6.267348,50.276416],[6.271792,50.267424],[6.253396,50.256778],[6.210401,50.249027],[6.189627,50.242722],[6.179808,50.233007],[6.157174,50.222724],[6.146839,50.214042],[6.160171,50.204534],[6.165752,50.193165],[6.165132,50.181899],[6.159138,50.172443],[6.151696,50.169342],[6.131749,50.168308],[6.123171,50.164898],[6.121311,50.16159],[6.118003,50.150377],[6.115833,50.145467],[6.125962,50.140196],[6.129476,50.134047],[6.126582,50.127329],[6.117487,50.120456]]]}},{"type":"Feature","properties":{},"geometry":{"type":"MultiLineString","coordinates":[[[12.180631,47.085215],[12.204195,47.079686],[12.203897,47.067012],[12.203575,47.053331],[12.182284,47.033616],[12.12172,47.010517],[12.111178,46.992998],[12.117792,46.983076],[12.122133,46.971656],[12.128231,46.948582],[12.134742,46.937446],[12.141667,46.927989],[12.141563,46.918843],[12.126887,46.908869],[12.137429,46.905924],[12.160994,46.90303],[12.172156,46.89918],[12.183525,46.891222],[12.189002,46.884943],[12.1951,46.880085],[12.208743,46.876623],[12.250807,46.875615],[12.26662,46.868148],[12.275819,46.846289],[12.276129,46.83399],[12.273338,46.826755],[12.269618,46.819831],[12.26693,46.808255],[12.266724,46.795336],[12.269101,46.788566],[12.274785,46.784639],[12.284397,46.779988],[12.305274,46.774459],[12.326048,46.772495],[12.342688,46.765131],[12.351473,46.743246],[12.370387,46.711155],[12.40501,46.690123],[12.445627,46.678702],[12.469632,46.675799],[12.499888,46.672139],[12.53079,46.65767],[12.547327,46.652192],[12.562003,46.65121]],[[11.73487,46.970622],[11.746445,46.972457],[11.766082,46.983438],[11.777141,46.988296],[11.822513,46.993257],[11.857033,47.012015],[11.899511,47.027725],[11.943643,47.038164],[12.014956,47.040489],[12.116242,47.076559],[12.133146,47.078832],[12.180631,47.085215]],[[11.471837,47.00708],[11.489407,47.004212],[11.495918,47.001602],[11.501706,46.997856],[11.506977,46.992998],[11.515348,46.989484],[11.524443,46.988347]],[[11.411169,46.970493],[11.445172,46.992998],[11.445275,46.993102],[11.452923,47.000879],[11.461812,47.005504],[11.471837,47.00708]],[[11.59648,47.00044],[11.64795,46.993257]],[[11.524443,46.988347],[11.533849,46.989536],[11.543254,46.992998],[11.543357,46.992998],[11.543564,46.993102],[11.543667,46.993102],[11.572709,46.998915],[11.59648,47.00044]],[[11.664797,46.993257],[11.683814,46.991913],[11.716163,46.97548],[11.73487,46.970622]],[[11.657252,46.992533],[11.664797,46.993257]],[[11.648467,46.993257],[11.649707,46.992998],[11.657252,46.992533]],[[11.64795,46.993257],[11.648467,46.993257]],[[11.31381,46.987262],[11.349467,46.98194],[11.380576,46.971553],[11.411169,46.970493]],[[10.982668,46.767741],[10.99693,46.76911],[11.010883,46.779213],[11.033311,46.805568],[11.037445,46.808255],[11.048503,46.811692],[11.052844,46.814921],[11.054601,46.819934],[11.053464,46.830321],[11.054291,46.834145],[11.073101,46.86497],[11.083643,46.900136],[11.091912,46.912435],[11.156611,46.956515],[11.174491,46.963853],[11.243737,46.979252],[11.31381,46.987262]],[[10.453811,46.864427],[10.486264,46.846366],[10.527708,46.843214]],[[10.647081,46.863756],[10.662481,46.860965],[10.738962,46.829546],[10.748677,46.819443],[10.743819,46.812518],[10.721598,46.800142],[10.716947,46.795207],[10.722942,46.786448],[10.733691,46.786189]],[[10.527708,46.843214],[10.629408,46.862412],[10.647081,46.863756]],[[10.754775,46.790763],[10.76635,46.788101],[10.795082,46.776888],[10.804901,46.776629]],[[10.733691,46.786189],[10.754775,46.790763]],[[10.823918,46.78035],[10.83415,46.780246],[10.843141,46.777043],[10.860195,46.766991],[10.870426,46.764072]],[[10.804901,46.776629],[10.823918,46.78035]],[[10.930888,46.773994],[10.965718,46.771642],[10.982668,46.767741]],[[10.870426,46.764072],[10.880348,46.764589],[10.913731,46.77234],[10.930888,46.773994]],[[12.62019,46.656481],[12.669593,46.653019],[12.671368,46.652466],[12.679205,46.650022],[12.697395,46.640539],[12.706593,46.637749]],[[12.562003,46.65121],[12.62019,46.656481]],[[12.739873,46.642994],[12.7485,46.640996],[12.773566,46.635191],[12.83041,46.609637],[13.064504,46.598035],[13.146463,46.584961],[13.210025,46.558012],[13.231109,46.552173],[13.271417,46.550777]],[[12.706593,46.637749],[12.715999,46.637955],[12.732018,46.64227],[12.739873,46.642994]],[[13.373323,46.565789],[13.417041,46.560492]],[[13.271417,46.550777],[13.373323,46.565789]],[[13.478019,46.563567],[13.484944,46.561733],[13.499103,46.550622],[13.506751,46.546927],[13.549229,46.545842],[13.670256,46.518712],[13.685345,46.517627]],[[13.417041,46.560492],[13.478019,46.563567]],[[13.685345,46.517627],[13.700951,46.519746]]]}},{"type":"Feature","properties":{},"geometry":{"type":"MultiLineString","coordinates":[[[7.406969,43.763506],[7.426246,43.755464],[7.437454,43.743361]],[[7.36575,43.72273],[7.367263,43.734125],[7.372655,43.745832],[7.387538,43.757899],[7.406969,43.763506]]]}},{"type":"Feature","properties":{},"geometry":{"type":"MultiLineString","coordinates":[[[13.700951,46.519746],[13.701055,46.511891],[13.699194,46.504837],[13.695474,46.498636],[13.689893,46.493339],[13.688446,46.467759],[13.685853,46.464047],[13.67749,46.452075],[13.658783,46.445125]],[[13.658783,46.445125],[13.634082,46.445719]],[[13.634082,46.445719],[13.600182,46.442644],[13.575688,46.426676],[13.554397,46.405954],[13.530006,46.388332],[13.483704,46.37115],[13.459726,46.359032],[13.447323,46.354846],[13.434094,46.353864],[13.423242,46.344847],[13.409806,46.323608],[13.395638,46.306728],[13.391306,46.301568],[13.365261,46.290302],[13.373013,46.280277],[13.378594,46.268391],[13.384692,46.243328],[13.384795,46.243225],[13.384898,46.243122],[13.398127,46.230513],[13.401641,46.216663],[13.410116,46.207982]],[[13.422829,46.228601],[13.438332,46.22488],[13.468304,46.223433],[13.482257,46.217904],[13.510162,46.213976],[13.528972,46.204829],[13.559048,46.184107],[13.584473,46.181317]],[[13.410116,46.207982],[13.437402,46.210927],[13.422829,46.228601]],[[13.613928,46.183539],[13.627366,46.181733],[13.637389,46.180386],[13.641071,46.171405],[13.645037,46.161731],[13.616409,46.125041],[13.522585,46.075298],[13.505098,46.066027],[13.482257,46.044839],[13.490318,46.038948],[13.492799,46.032489],[13.490008,46.025564],[13.482257,46.018433],[13.477089,46.016055],[13.461793,46.006392],[13.474815,45.995747],[13.479466,45.993111],[13.480396,45.992284],[13.481223,45.991354],[13.481843,45.990372],[13.482257,45.989235],[13.509439,45.967428]],[[13.584473,46.181317],[13.613928,46.183539]],[[13.605867,45.985411],[13.622817,45.966394],[13.615325,45.945912],[13.608244,45.926552],[13.599306,45.912327],[13.56928,45.86454],[13.565973,45.83033],[13.574172,45.819028],[13.581269,45.809246],[13.609174,45.798601],[13.643591,45.795655],[13.660334,45.792038],[13.699908,45.770524],[13.709478,45.765321],[13.778724,45.743411],[13.858409,45.649359],[13.869158,45.641143],[13.884144,45.635148],[13.893136,45.634683],[13.893641,45.633758],[13.894686,45.631841],[13.887038,45.618767],[13.867926,45.602169],[13.847764,45.584661],[13.800532,45.58125]],[[13.509439,45.967428],[13.539411,45.96903],[13.571657,45.97983],[13.600735,45.984574],[13.605867,45.985411]],[[13.800532,45.58125],[13.761051,45.596236]],[[13.761051,45.596236],[13.711762,45.593207]]]}},{"type":"Feature","properties":{},"geometry":{"type":"MultiLineString","coordinates":[[[-1.747356,43.291002],[-1.74973,43.294793],[-1.752421,43.299089],[-1.75578,43.318546],[-1.768234,43.330922],[-1.796914,43.341128],[-1.797172,43.353324],[-1.796449,43.374382],[-1.794075,43.386015]],[[-1.611086,43.245811],[-1.621886,43.247],[-1.634082,43.251108],[-1.639043,43.255681],[-1.646329,43.272786],[-1.647983,43.281545],[-1.645192,43.287643],[-1.645037,43.292372],[-1.654907,43.297539],[-1.673872,43.304154],[-1.683019,43.304929]],[[-1.683019,43.304929],[-1.703328,43.298624],[-1.724825,43.296531],[-1.736556,43.29232],[-1.747356,43.291002]],[[-1.466392,43.260771],[-1.508094,43.276765],[-1.539204,43.283561],[-1.559047,43.284077]],[[-1.559047,43.284077],[-1.573982,43.277437],[-1.581888,43.260358],[-1.587573,43.251599],[-1.598477,43.247],[-1.611086,43.245811]],[[-1.383141,43.029209],[-1.410529,43.030915],[-1.435024,43.035721],[-1.457141,43.045074],[-1.47528,43.060138],[-1.487837,43.081816],[-1.479621,43.090265],[-1.438435,43.122795],[-1.425774,43.135275],[-1.410529,43.166901],[-1.399677,43.206744],[-1.403501,43.243331],[-1.432233,43.265009],[-1.444222,43.265112]],[[-1.444222,43.265112],[-1.455281,43.262218],[-1.466392,43.260771]],[[-1.149925,43.005722],[-1.182533,43.025282],[-1.216898,43.03926],[-1.274879,43.046831],[-1.293689,43.055203],[-1.310587,43.069491],[-1.315083,43.082875],[-1.30697,43.095975],[-1.286041,43.109179],[-1.308623,43.113571]],[[-1.308623,43.113571],[-1.331051,43.107344],[-1.348259,43.093081],[-1.355184,43.073031],[-1.357613,43.046831],[-1.366139,43.033318],[-1.383141,43.029209]],[[-0.863534,42.943065],[-0.943219,42.947896],[-0.98146,42.957043],[-1.01629,42.976241],[-1.028485,42.986705],[-1.045074,42.990219],[-1.079697,42.993398],[-1.08719,42.997997],[-1.103726,43.005748],[-1.112408,43.008254]],[[-1.112408,43.008254],[-1.149925,43.005722]],[[-0.720287,42.876609],[-0.730106,42.877513],[-0.740286,42.884799],[-0.745867,42.89392],[-0.744782,42.899295],[-0.741423,42.903894],[-0.740906,42.910896],[-0.745032,42.918727],[-0.759665,42.946501],[-0.786433,42.953271]],[[-0.786433,42.953271],[-0.863534,42.943065]],[[-0.60355,42.796846],[-0.610165,42.799094],[-0.609958,42.802841],[-0.608046,42.807181],[-0.609493,42.811445],[-0.648302,42.849789],[-0.666079,42.860744],[-0.700392,42.876428],[-0.71052,42.877668]],[[-0.71052,42.877668],[-0.720287,42.876609]],[[0.776314,42.832451],[0.758847,42.835268],[0.724327,42.845293],[0.706757,42.846585]],[[0.706757,42.846585],[0.679369,42.845112],[0.656321,42.83842],[0.651567,42.824054],[0.653737,42.802686],[0.639681,42.774677],[0.65074,42.763386],[0.643299,42.759071],[0.639578,42.754833],[0.63348,42.744782],[0.64764,42.741036],[0.659629,42.729899],[0.66645,42.714758],[0.665416,42.698661],[0.663426,42.696214],[0.656735,42.68799],[0.643609,42.684476]],[[-0.208355,42.783875],[-0.235149,42.786227],[-0.247034,42.80483],[-0.305135,42.83081],[-0.307418,42.831831],[-0.322792,42.842502]],[[-0.322792,42.842502],[-0.328244,42.83258],[-0.335169,42.824958],[-0.342998,42.822736]],[[0.921111,42.784366],[0.910363,42.787674],[0.894446,42.799327],[0.885765,42.804236],[0.856102,42.812763],[0.812901,42.831624],[0.795744,42.833847]],[[0.795744,42.833847],[0.776314,42.832451]],[[-0.342998,42.822736],[-0.351679,42.829247]],[[-0.351679,42.829247],[-0.399738,42.801316],[-0.423923,42.790671],[-0.454464,42.788914]],[[-0.454464,42.788914],[-0.508414,42.807492],[-0.53389,42.808008]],[[-0.53389,42.808008],[-0.535647,42.784211],[-0.544432,42.782015],[-0.561175,42.77354],[-0.56903,42.772636]],[[-0.56903,42.772636],[-0.578694,42.777338],[-0.578539,42.783307],[-0.577144,42.789792],[-0.582931,42.795839],[-0.587324,42.796846]],[[-0.587324,42.796846],[-0.60355,42.796846]],[[1.162544,42.705689],[1.151485,42.706723],[1.134328,42.715973],[1.124096,42.729744],[1.116552,42.745247],[1.106733,42.759613],[1.08906,42.771318],[1.068182,42.776124],[0.982916,42.780361],[0.975268,42.783746],[0.958732,42.79372],[0.950257,42.796123]],[[0.950257,42.796123],[0.940025,42.793668],[0.93062,42.788035],[0.921111,42.784366]],[[-0.038933,42.685148],[-0.078414,42.696671],[-0.084202,42.70109],[-0.088853,42.706128],[-0.095752,42.710676],[-0.10849,42.713363],[-0.119032,42.716851],[-0.121822,42.723311],[-0.123114,42.730364],[-0.129238,42.735894],[-0.145723,42.745893],[-0.157789,42.760699],[-0.163629,42.777984],[-0.161407,42.795348]],[[-0.161407,42.795348],[-0.17939,42.789741],[-0.208355,42.783875]],[[0.275388,42.668689],[0.259808,42.682383],[0.238362,42.710366],[0.222394,42.716205],[0.169168,42.726463]],[[0.169168,42.726463],[0.152941,42.724603],[0.134183,42.715223],[0.072843,42.70848],[-0.00431,42.687525],[-0.038933,42.685148]],[[0.409282,42.682254],[0.389283,42.685148],[0.3844,42.688584],[0.383676,42.692692],[0.384012,42.696852],[0.381816,42.700108],[0.354169,42.717497]],[[0.354169,42.717497],[0.336031,42.712691],[0.318306,42.699539],[0.290245,42.670291],[0.275388,42.668689]],[[1.429297,42.595386],[1.414828,42.609338],[1.397981,42.643626],[1.378758,42.663237],[1.361084,42.686724],[1.352713,42.690057],[1.343308,42.690444],[1.338243,42.694449],[1.342584,42.70866],[1.319123,42.713363],[1.195927,42.713647]],[[1.195927,42.713647],[1.162544,42.705689]],[[0.483515,42.685303],[0.466927,42.690444]],[[0.466927,42.690444],[0.42879,42.683029],[0.409282,42.682254]],[[0.643609,42.684476],[0.608159,42.68799]],[[0.608159,42.68799],[0.483515,42.685303]]]}},{"type":"Feature","properties":{},"geometry":{"type":"MultiLineString","coordinates":[[[1.543089,42.649362],[1.597349,42.621921],[1.608304,42.618123],[1.721993,42.609855],[1.713311,42.589546],[1.729434,42.582001],[1.752688,42.576679],[1.761107,42.567646],[1.765091,42.563372],[1.739976,42.561641],[1.721683,42.548515],[1.710624,42.527741],[1.707006,42.502781]],[[1.49844,42.640241],[1.527793,42.648535],[1.543089,42.649362]],[[1.466814,42.641455],[1.49844,42.640241]],[[1.429297,42.595386],[1.451415,42.602052],[1.466814,42.641455]]]}},{"type":"Feature","properties":{},"geometry":{"type":"MultiLineString","coordinates":[[[1.707006,42.502781],[1.710004,42.501335],[1.711967,42.499293],[1.712691,42.496787],[1.712174,42.493712],[1.730571,42.488054],[1.792686,42.481723],[1.813667,42.475238],[1.869787,42.44679],[1.893248,42.442733],[1.911955,42.441958],[1.927458,42.436894],[1.941101,42.420099],[1.954227,42.382685],[1.963735,42.367234],[1.983372,42.354548],[1.995671,42.348682],[2.00921,42.34708]],[[2.933702,42.470225],[2.966051,42.461001]],[[2.884092,42.449193],[2.900835,42.45126],[2.933702,42.470225]],[[2.983104,42.469321],[2.99375,42.467616],[3.022998,42.467047],[3.029613,42.465652],[3.036021,42.454619],[3.043876,42.445266],[3.053591,42.437643],[3.06558,42.432011],[3.086147,42.427179],[3.111675,42.425008]],[[2.966051,42.461001],[2.983104,42.469321]],[[2.866936,42.449632],[2.884092,42.449193]],[[2.767717,42.409557],[2.788594,42.412012],[2.804614,42.419557],[2.834793,42.441312],[2.850813,42.448366],[2.866936,42.449632]],[[3.111675,42.425008],[3.137824,42.425939],[3.18097,42.431484]],[[2.277411,42.428626],[2.305316,42.416973],[2.317305,42.409609],[2.375493,42.389326],[2.406602,42.384262],[2.422518,42.383693],[2.429856,42.367544],[2.445566,42.351964],[2.464893,42.340621],[2.483393,42.336978],[2.50365,42.328451],[2.514812,42.325661]],[[2.184187,42.411805],[2.245992,42.426119],[2.277411,42.428626]],[[2.136954,42.416223],[2.184187,42.411805]],[[2.00921,42.34708],[2.035255,42.349251],[2.051688,42.352351],[2.063264,42.357907],[2.08011,42.371265],[2.103985,42.38483],[2.108739,42.390644],[2.116284,42.405397],[2.121038,42.410617],[2.136954,42.416223]],[[2.728546,42.414027],[2.767717,42.409557]],[[2.635425,42.337882],[2.662194,42.339019],[2.66178,42.34336],[2.649378,42.353721],[2.640283,42.372841],[2.648241,42.381471],[2.690409,42.406172],[2.708082,42.41289],[2.728546,42.414027]],[[2.567419,42.352636],[2.613411,42.340957],[2.635425,42.337882]],[[2.514812,42.325661],[2.525251,42.325893],[2.531969,42.330776],[2.540341,42.346977],[2.548092,42.352248],[2.567419,42.352636]]]}},{"type":"Feature","properties":{},"geometry":{"type":"MultiLineString","coordinates":[[[1.967972,42.485702],[1.978308,42.47498],[1.988436,42.458185],[1.999495,42.443896],[1.996084,42.442837],[1.986163,42.441261],[1.983372,42.441261]],[[1.983372,42.441261],[1.960634,42.443715],[1.947509,42.451234],[1.945648,42.463817],[1.956604,42.481775],[1.967972,42.485702]]]}},{"type":"Feature","properties":{},"geometry":{"type":"MultiLineString","coordinates":[[[1.429297,42.595386],[1.424853,42.589365],[1.419272,42.579263],[1.418032,42.569832],[1.426403,42.565646],[1.4263,42.561796],[1.409764,42.540609],[1.406456,42.52924]],[[1.428987,42.531462],[1.446557,42.519886],[1.449968,42.504073],[1.430227,42.493557],[1.424543,42.492472],[1.407593,42.486762],[1.436429,42.453482],[1.436429,42.440951],[1.447901,42.434646],[1.508466,42.428677]],[[1.406456,42.52924],[1.428987,42.531462]],[[1.674244,42.490508],[1.686336,42.490612],[1.697498,42.494462],[1.707006,42.502781]],[[1.656984,42.49764],[1.659774,42.496813],[1.662358,42.493712],[1.674244,42.490508]],[[1.508466,42.428677],[1.51663,42.429504],[1.528206,42.434233],[1.534511,42.439917],[1.538851,42.445653],[1.544432,42.450356],[1.607478,42.456428],[1.639517,42.466427],[1.650369,42.493402],[1.653986,42.496529],[1.656984,42.49764]]]}},{"type":"Feature","properties":{},"geometry":{"type":"MultiLineString","coordinates":[[[22.826027,41.340992],[22.916978,41.335773]],[[22.704898,41.139661],[22.71575,41.145603],[22.727222,41.165809],[22.736731,41.204411],[22.740865,41.283579],[22.742003,41.28703],[22.751303,41.315205],[22.762293,41.3225],[22.780966,41.334894],[22.796818,41.337039],[22.826027,41.340992]],[[22.64454,41.180227],[22.656115,41.178056],[22.657185,41.176986],[22.661903,41.172268],[22.666347,41.164517],[22.674099,41.15661],[22.691875,41.14457],[22.704898,41.139661]],[[22.549248,41.118525],[22.571263,41.119507],[22.586634,41.124085],[22.590176,41.125139],[22.607333,41.135992],[22.624489,41.152631],[22.626763,41.160796],[22.625936,41.169788],[22.629347,41.177074],[22.64454,41.180227]],[[22.205807,41.161416],[22.213637,41.160684],[22.225134,41.159608],[22.262961,41.150461],[22.29345,41.147515],[22.302649,41.1455],[22.305232,41.141624],[22.306679,41.128447],[22.308746,41.124984],[22.315051,41.124416]],[[22.103384,41.121522],[22.124365,41.127207],[22.160332,41.151908],[22.183173,41.159918],[22.205807,41.161416]],[[22.048194,41.151856],[22.055532,41.149892],[22.058632,41.145087],[22.060286,41.140022],[22.062767,41.13718],[22.095943,41.123641],[22.103384,41.121522]],[[21.736998,40.919157],[21.757091,40.922506],[21.765524,40.923911],[21.778133,40.93373],[21.78175,40.945099],[21.781853,40.955899],[21.783714,40.964167],[21.793636,40.973572],[21.831256,40.99352],[21.831359,40.993623],[21.831359,40.993675],[21.831463,40.993726],[21.845002,41.012381],[21.880659,41.038426],[21.894301,41.053826],[21.896162,41.061422],[21.896333,41.064705],[21.897195,41.081266],[21.901226,41.090775],[21.909081,41.097493],[21.925545,41.106754],[21.934712,41.11191],[21.965098,41.124364],[22.029074,41.138575],[22.033828,41.141263],[22.04406,41.149944],[22.048194,41.151856]],[[22.367658,41.132374],[22.380163,41.131702],[22.389258,41.128343],[22.410446,41.117905],[22.421814,41.114649],[22.451477,41.113667]],[[22.315051,41.124416],[22.323422,41.128498],[22.342336,41.128964],[22.367658,41.132374]],[[22.516589,41.122246],[22.549248,41.118525]],[[22.451477,41.113667],[22.467496,41.115011],[22.481449,41.11775],[22.500673,41.122142],[22.516589,41.122246]],[[21.685115,40.927994],[21.736998,40.919157]],[[21.643877,40.894456],[21.648838,40.895799],[21.652662,40.901381],[21.654833,40.9143],[21.6569,40.918227],[21.685115,40.927994]],[[21.42942,40.908977],[21.505731,40.900903],[21.509519,40.900502],[21.55365,40.870426],[21.581556,40.866292]],[[21.260955,40.860815],[21.295372,40.860866],[21.329271,40.866292],[21.344878,40.873062],[21.381258,40.900502],[21.404926,40.908615],[21.42942,40.908977]],[[21.629511,40.895076],[21.643877,40.894456]],[[21.581556,40.866292],[21.590341,40.870685],[21.613698,40.888306],[21.623724,40.894404],[21.629511,40.895076]],[[21.183027,40.870168],[21.209072,40.869083],[21.245824,40.863226],[21.260955,40.860815]],[[20.965262,40.849394],[21.112127,40.853942],[21.183027,40.870168]]]}},{"type":"Feature","properties":{},"geometry":{"type":"MultiLineString","coordinates":[[[21.499287,42.238663],[21.48151,42.247784]],[[21.48151,42.247784],[21.471973,42.23913],[21.467557,42.235123]],[[21.561815,42.247164],[21.519854,42.239025],[21.499287,42.238663]],[[21.467557,42.235123],[21.457222,42.237035],[21.44792,42.244141],[21.436345,42.24688]],[[21.436345,42.24688],[21.419912,42.240058],[21.421462,42.231351],[21.428697,42.222566],[21.429834,42.215848],[21.419085,42.215021]],[[21.419085,42.215021],[21.384255,42.224943]],[[21.384255,42.224943],[21.366788,42.223858],[21.360602,42.220114],[21.353766,42.215977],[21.294958,42.148979],[21.293718,42.140168],[21.295785,42.134794],[21.298782,42.129419],[21.300332,42.120893],[21.301263,42.10061],[21.300796,42.098425],[21.299299,42.091411],[21.28886,42.089706]],[[21.28886,42.089706],[21.245727,42.096167],[21.237804,42.097354],[21.229298,42.103822],[21.225402,42.106785],[21.216203,42.121151],[21.199873,42.14115],[21.164423,42.16704],[21.12639,42.188925],[21.112954,42.194402],[21.106236,42.195798],[21.098484,42.195953]],[[21.098484,42.195953],[21.074403,42.184455],[21.04094,42.15997],[21.029238,42.151408],[21.003916,42.141951],[20.975145,42.134658],[20.90417,42.116668],[20.810543,42.092936],[20.784912,42.082032],[20.765378,42.064333],[20.755353,42.042784],[20.743054,41.993484],[20.741814,41.970773],[20.751439,41.940338],[20.754423,41.930904],[20.751052,41.910218],[20.750495,41.906797],[20.739953,41.888039],[20.723313,41.866619],[20.714398,41.859163],[20.702953,41.849591],[20.681456,41.84401]],[[20.681456,41.84401],[20.671844,41.849307],[20.652827,41.86928],[20.643422,41.873647]],[[20.643422,41.873647],[20.637014,41.870365],[20.626162,41.855198],[20.61872,41.850522],[20.602391,41.849876]],[[20.602391,41.849876],[20.590298,41.854733],[20.567147,41.873182]]]}},{"type":"Feature","properties":{},"geometry":{"type":"LineString","coordinates":[[21.564066,42.246289],[21.561815,42.247164]]}},{"type":"Feature","properties":{},"geometry":{"type":"MultiLineString","coordinates":[[[22.345023,42.313439],[22.325283,42.314318],[22.307609,42.31933],[22.29159,42.328399],[22.276914,42.341241],[22.27402,42.348476],[22.273296,42.365477],[22.268852,42.370335]],[[22.268852,42.370335],[22.259757,42.369095],[22.233402,42.348889],[22.095529,42.305817],[22.060906,42.301088]],[[22.060906,42.301088],[22.045407,42.302424],[22.027627,42.303956],[21.994967,42.312612],[21.941534,42.333102],[21.929028,42.335117]],[[21.929028,42.335117],[21.918279,42.331345],[21.88438,42.309512],[21.877352,42.30822]],[[21.877352,42.30822],[21.837354,42.308556]],[[21.837354,42.308556],[21.8172,42.305145],[21.719521,42.260957],[21.706509,42.25507],[21.69204,42.242022],[21.67695,42.234943]],[[21.575044,42.242022],[21.564066,42.246289]],[[21.67695,42.234943],[21.676886,42.234945],[21.65969,42.235563],[21.624654,42.242772]],[[21.624654,42.242772],[21.575044,42.242022]]]}},{"type":"Feature","properties":{},"geometry":{"type":"MultiLineString","coordinates":[[[22.57519,44.061394],[22.592967,44.063926],[22.604749,44.079378],[22.604646,44.088163],[22.598134,44.109298],[22.597101,44.119065],[22.599065,44.130331],[22.6094,44.159941],[22.607953,44.159993],[22.605989,44.163145],[22.604852,44.168468],[22.606196,44.174566],[22.608573,44.175858],[22.624799,44.189397],[22.639992,44.207329],[22.648777,44.213995],[22.69164,44.228435]],[[22.554623,44.062428],[22.57519,44.061394]],[[22.606919,43.427402],[22.596274,43.429159],[22.586766,43.43443],[22.57271,43.44815],[22.565785,43.453344],[22.532609,43.464842],[22.518863,43.474247],[22.509354,43.493341],[22.490647,43.540883],[22.478452,43.559229],[22.477625,43.564164],[22.478658,43.569176],[22.481449,43.574111],[22.482689,43.576695],[22.483103,43.579279],[22.482689,43.581734],[22.481449,43.584137],[22.478142,43.587573],[22.477108,43.591294],[22.478142,43.594911],[22.481449,43.598529],[22.481759,43.598942],[22.481966,43.599459],[22.481759,43.599975],[22.481449,43.600647],[22.473801,43.612998],[22.472871,43.635942],[22.466256,43.64912],[22.455921,43.656406],[22.426465,43.668214],[22.41396,43.676663],[22.404865,43.687179],[22.396906,43.699401],[22.390498,43.712449],[22.386054,43.725498],[22.385848,43.733817],[22.389568,43.750509],[22.388535,43.758286],[22.362593,43.780843],[22.349467,43.807921],[22.354738,43.829703],[22.367554,43.852751],[22.377063,43.883524],[22.379026,43.913496],[22.382024,43.918561],[22.391945,43.931867],[22.394529,43.936337],[22.396803,43.951944],[22.39732,43.980934],[22.399594,43.993336],[22.411789,44.006927],[22.43432,44.013955],[22.465885,44.017624],[22.481449,44.019433],[22.50367,44.019898],[22.514935,44.030285],[22.522583,44.044703],[22.534159,44.057157],[22.554623,44.062428]],[[22.674202,43.394148],[22.664694,43.396732],[22.658926,43.401295],[22.656529,43.403192],[22.645367,43.420297],[22.637822,43.426369],[22.62852,43.428255]],[[22.62852,43.428255],[22.606919,43.427402]],[[22.666244,42.871932],[22.69663,42.87741],[22.727015,42.886892],[22.738798,42.897383],[22.739579,42.898858],[22.745516,42.910069],[22.763189,42.958645],[22.76939,42.97128],[22.776418,42.979729],[22.788097,42.984897],[22.815796,42.989703],[22.828818,42.993449],[22.828921,42.993449],[22.829025,42.993501],[22.829025,42.993656],[22.842254,43.007505],[22.884215,43.036651],[22.889486,43.044376],[22.896721,43.062721],[22.901682,43.069749],[22.910157,43.075279],[22.927107,43.081144],[22.935271,43.085562],[22.955632,43.108274],[22.974029,43.141192],[22.984571,43.174627],[22.982902,43.187318],[22.981367,43.198992],[22.964727,43.204418],[22.915531,43.212247],[22.897754,43.220335],[22.883802,43.230592],[22.857343,43.256947],[22.833159,43.274647],[22.826958,43.28139],[22.823857,43.289297],[22.820756,43.307539],[22.817139,43.315497],[22.80453,43.328984],[22.73301,43.381513],[22.724343,43.38606],[22.719367,43.388671],[22.702934,43.394045],[22.693219,43.394872]],[[22.693219,43.394872],[22.674202,43.394148]],[[22.5909,42.886892],[22.666244,42.871932]],[[22.53757,42.868341],[22.544494,42.871389],[22.544785,42.871706],[22.549972,42.877358],[22.563615,42.884283],[22.5909,42.886892]],[[22.519793,42.870356],[22.53757,42.868341]],[[22.345023,42.313439],[22.364144,42.320984],[22.405795,42.321552],[22.423985,42.325893],[22.438454,42.340052],[22.454371,42.376768],[22.46977,42.391703],[22.485066,42.397155],[22.497572,42.399196],[22.508838,42.404932],[22.519483,42.420926],[22.533125,42.45759],[22.536536,42.47839],[22.532505,42.493402],[22.532505,42.493557],[22.524857,42.507665],[22.512145,42.519189],[22.481449,42.535622],[22.429669,42.571408],[22.425328,42.572855],[22.428842,42.592776],[22.441318,42.632891],[22.444552,42.64329],[22.449203,42.667965],[22.442072,42.681685],[22.468116,42.718324],[22.481449,42.727677],[22.482586,42.730675],[22.482896,42.733775],[22.482586,42.736824],[22.481449,42.739821],[22.466566,42.748529],[22.45313,42.763592],[22.429359,42.806122],[22.425845,42.809843],[22.427395,42.813615],[22.430446,42.817077],[22.436801,42.824286],[22.445482,42.830178],[22.470907,42.840125],[22.481449,42.84674],[22.497055,42.864413],[22.506047,42.870123],[22.519793,42.870356]]]}},{"type":"Feature","properties":{},"geometry":{"type":"MultiLineString","coordinates":[[[22.725052,42.042474],[22.718437,42.044463],[22.713993,42.048623],[22.710272,42.05299],[22.705725,42.055935],[22.675856,42.060612],[22.627177,42.079127],[22.617771,42.082704],[22.531058,42.129109],[22.510181,42.144793],[22.506939,42.148927],[22.494678,42.164559],[22.481449,42.193317],[22.443622,42.214427],[22.345023,42.313439]],[[22.798949,42.021235],[22.791094,42.025808],[22.787684,42.032578],[22.785306,42.039141],[22.780862,42.043171],[22.77063,42.043998]],[[22.77063,42.043998],[22.725052,42.042474]],[[22.916978,41.335773],[22.940852,41.349829],[22.94447,41.368432],[22.939406,41.389413],[22.937339,41.410755],[22.940542,41.416905],[22.952118,41.427705],[22.954598,41.432408],[22.953358,41.438195],[22.94757,41.448376],[22.946227,41.453233],[22.943599,41.523201],[22.943023,41.538551],[22.94788,41.555139],[22.948707,41.560978],[22.946434,41.567748],[22.936925,41.57891],[22.933721,41.584595],[22.932068,41.597953],[22.932998,41.612345],[22.936098,41.626168],[22.940852,41.63764],[22.945813,41.641077],[22.961523,41.644488],[22.967001,41.647046],[22.970101,41.652032],[22.976613,41.666553],[22.985435,41.677198],[22.998627,41.693115],[23.009582,41.71637],[23.008859,41.739934],[22.991185,41.760992],[22.98054,41.764739],[22.956872,41.765669],[22.945917,41.769338],[22.939716,41.776702],[22.918322,41.814348],[22.907676,41.848584],[22.901372,41.860418],[22.896721,41.864448],[22.885042,41.869151],[22.882088,41.871618],[22.880804,41.872691],[22.878221,41.880261],[22.878634,41.895015],[22.877084,41.902043],[22.866335,41.924884],[22.858894,41.94788],[22.857137,41.971884],[22.85476,41.982632],[22.846905,41.993484],[22.846595,41.993639],[22.845768,42.006869],[22.845621,42.007408],[22.843701,42.014465],[22.838223,42.019478],[22.826958,42.025085],[22.821273,42.025369]],[[22.821273,42.025369],[22.805977,42.02139],[22.798949,42.021235]]]}},{"type":"Feature","properties":{},"geometry":{"type":"LineString","coordinates":[[18.437355,42.559212],[18.442006,42.543012],[18.436425,42.510765],[18.437148,42.493402],[18.444279,42.477925],[18.454925,42.464722],[18.467741,42.453379],[18.475492,42.449813],[18.492855,42.442372],[18.497816,42.431158],[18.49643,42.416327]]}},{"type":"Feature","properties":{},"geometry":{"type":"MultiLineString","coordinates":[[[17.786748,42.901388],[17.765458,42.904126],[17.7236,42.916245],[17.701586,42.9195]],[[17.701586,42.9195],[17.679468,42.915676],[17.665929,42.90516],[17.653349,42.890928]],[[18.311574,42.601225],[18.257107,42.614893],[18.224138,42.628071],[18.049368,42.714758],[17.995315,42.740441],[17.971853,42.754962],[17.928859,42.7908],[17.904467,42.804546],[17.869431,42.811807],[17.858475,42.816974],[17.827159,42.853122],[17.825092,42.864542],[17.826229,42.888649],[17.823335,42.898365],[17.81176,42.909863]],[[17.81176,42.909863],[17.802665,42.90963],[17.794707,42.904592],[17.786748,42.901388]],[[18.437355,42.559212],[18.421025,42.56363],[18.385265,42.566524],[18.370485,42.57363],[18.369791,42.574384],[18.369783,42.574393],[18.349608,42.59629],[18.338653,42.602517]],[[18.338653,42.602517],[18.311574,42.601225]]]}},{"type":"Feature","properties":{},"geometry":{"type":"MultiLineString","coordinates":[[[20.79442,43.263071],[20.809717,43.25961],[20.819432,43.257412],[20.838449,43.245863],[20.848474,43.238137],[20.855088,43.231445],[20.8647,43.217337]],[[20.640941,43.115276],[20.632053,43.117266],[20.626058,43.123725],[20.620581,43.133337],[20.612106,43.154938],[20.600117,43.173826],[20.597533,43.184962],[20.604044,43.197959],[20.612312,43.202274],[20.644869,43.203307],[20.666986,43.209663],[20.745328,43.252865],[20.769512,43.260849],[20.79442,43.263071]],[[20.8647,43.217337],[20.8616,43.217518],[20.851471,43.219818]],[[20.851471,43.219818],[20.839999,43.212092],[20.840619,43.206976],[20.839069,43.192455],[20.836071,43.179433],[20.832041,43.178606],[20.838552,43.170467],[20.912494,43.138805],[20.993431,43.104148],[21.005157,43.099128],[21.025827,43.093366],[21.092593,43.090678],[21.10851,43.081558],[21.124012,43.058277],[21.139309,43.005826],[21.147887,42.992622],[21.165354,42.985103]],[[20.584304,43.006911],[20.596396,43.007092],[20.617273,43.02213],[20.643835,43.052257],[20.664919,43.085407],[20.669157,43.109799],[20.661818,43.115948],[20.65169,43.11631]],[[20.65169,43.11631],[20.640941,43.115276]],[[20.562393,43.009495],[20.572832,43.00934],[20.584304,43.006911]],[[20.345352,42.827439],[20.428034,42.840642],[20.4763,42.855525],[20.498831,42.877875],[20.494367,42.887467],[20.488909,42.899191],[20.466688,42.909501],[20.450979,42.922032],[20.459454,42.950015],[20.476403,42.966371],[20.493457,42.970195],[20.51113,42.970195],[20.530457,42.975156],[20.538415,42.980659],[20.543893,42.987248],[20.553401,43.002596],[20.562393,43.009495]],[[21.193052,42.997893],[21.209795,42.995878],[21.225298,42.973554],[21.226745,42.942522],[21.23243,42.910896],[21.260542,42.886556],[21.2716,42.884283]],[[21.165354,42.985103],[21.17941,42.990581],[21.193052,42.997893]],[[21.294958,42.884386],[21.306327,42.882448],[21.316972,42.877616],[21.336403,42.865473],[21.346738,42.860847],[21.378777,42.855292],[21.398931,42.854569],[21.40844,42.846998],[21.408419,42.841743],[21.408336,42.820747],[21.404099,42.803978],[21.39056,42.770414],[21.387149,42.754962],[21.383945,42.749976],[21.379191,42.747004],[21.378674,42.744136],[21.388699,42.739046],[21.405546,42.7353]],[[21.2716,42.884283],[21.294958,42.884386]],[[21.441823,42.736101],[21.542488,42.725817],[21.565226,42.720184],[21.580522,42.710211],[21.612665,42.680393],[21.629408,42.672203]],[[21.405546,42.7353],[21.4178,42.73557],[21.441823,42.736101]],[[21.708886,42.687189],[21.738652,42.68215],[21.74425,42.679425],[21.764387,42.669619],[21.772758,42.647501],[21.767074,42.638716],[21.756532,42.633626],[21.744543,42.629647],[21.734725,42.624247],[21.735551,42.621276],[21.730074,42.601018],[21.728833,42.598305],[21.726973,42.596393],[21.720152,42.593887],[21.718291,42.591019],[21.719738,42.586678],[21.726766,42.577945],[21.727697,42.574147],[21.717671,42.551151],[21.667855,42.490095],[21.627858,42.460381],[21.618969,42.449245],[21.616902,42.433923],[21.621863,42.402167],[21.617419,42.386639],[21.596645,42.372092],[21.537321,42.35863],[21.51603,42.341939],[21.514893,42.317832],[21.553857,42.273984],[21.564066,42.246289]],[[21.629408,42.672203],[21.644084,42.672306],[21.687389,42.686827],[21.708886,42.687189]]]}},{"type":"Feature","properties":{},"geometry":{"type":"MultiLineString","coordinates":[[[20.345352,42.827439],[20.264427,42.817258],[20.226083,42.806768],[20.217608,42.802737],[20.209236,42.791704],[20.208409,42.782093],[20.20996,42.772972],[20.208409,42.763282],[20.183398,42.742508]],[[20.183398,42.742508],[20.149498,42.749872],[20.112085,42.766538],[20.076325,42.773437]],[[20.076325,42.773437],[20.065059,42.769458],[20.055638,42.763866],[20.034673,42.751423],[20.026508,42.743206],[20.024751,42.723414],[20.03612,42.707989],[20.037006,42.707363],[20.094205,42.666983],[20.101956,42.656674],[20.10392,42.653108],[20.090587,42.627348],[20.079218,42.61125],[20.075704,42.603085],[20.075394,42.586962],[20.078185,42.572906],[20.077048,42.55991],[20.064956,42.546758]]]}},{"type":"Feature","properties":{},"geometry":{"type":"MultiLineString","coordinates":[[[19.195345,43.532796],[19.175191,43.509619],[19.175914,43.480887],[19.192244,43.454532],[19.218392,43.438202],[19.355645,43.393063],[19.372285,43.384226],[19.414039,43.338389],[19.473054,43.293276],[19.485146,43.280098],[19.502303,43.251935],[19.512431,43.240643],[19.547845,43.218815],[19.549948,43.217518],[19.580851,43.187804],[19.598111,43.176203],[19.618678,43.168245],[19.663016,43.158504],[19.684617,43.156721]],[[19.705494,43.166178],[19.713556,43.165609],[19.742805,43.126516],[19.761202,43.108739],[19.781769,43.096466],[19.805127,43.089955],[19.838303,43.088353]],[[19.684617,43.156721],[19.69733,43.160209],[19.705494,43.166178]],[[19.916644,43.117059],[19.92915,43.113907],[19.936591,43.105897],[19.942276,43.095639],[19.949821,43.085924],[19.959742,43.07856],[20.019894,43.047348],[20.054388,43.022221],[20.056344,43.020796],[20.116942,42.976654],[20.129464,42.973605],[20.14092,42.970815],[20.19456,42.966836],[20.223189,42.957663],[20.275589,42.929887],[20.337084,42.906969],[20.35362,42.890975],[20.355171,42.86617],[20.345352,42.827439]],[[19.838303,43.088353],[19.872203,43.090368],[19.883778,43.095691],[19.907136,43.113261],[19.916644,43.117059]]]}},{"type":"Feature","properties":{},"geometry":{"type":"MultiLineString","coordinates":[[[3.453877,51.235633],[3.421941,51.237985],[3.398798,51.244698],[3.391658,51.24677],[3.36737,51.263487],[3.353211,51.288602],[3.353934,51.311908],[3.358068,51.336713],[3.349415,51.375223]],[[4.221491,51.368001],[4.220962,51.363817],[4.21352,51.340537],[4.207939,51.330589],[4.168562,51.29687],[4.118952,51.272401],[3.995032,51.23323],[3.949454,51.210777],[3.927026,51.206255],[3.808687,51.205325]],[[3.808687,51.205325],[3.796285,51.208762],[3.781402,51.219872],[3.779748,51.230311],[3.781402,51.241421],[3.776234,51.254521],[3.757321,51.262324],[3.635054,51.287827],[3.609526,51.290436]],[[3.609526,51.290436],[3.584825,51.289532],[3.545034,51.283925],[3.529014,51.283331],[3.514338,51.281031],[3.503383,51.273952],[3.501522,51.262402],[3.504106,51.249741],[3.501212,51.240284],[3.453877,51.235633]]]}},{"type":"Feature","properties":{},"geometry":{"type":"MultiLineString","coordinates":[[[4.822682,51.413685],[4.815447,51.431074],[4.819891,51.446215],[4.826093,51.460555],[4.823922,51.475645],[4.813587,51.48412],[4.796844,51.491018],[4.778654,51.495359],[4.764184,51.496238]],[[4.764184,51.496238],[4.731215,51.485618],[4.653907,51.426216],[4.643571,51.42141],[4.630136,51.418206],[4.614633,51.41756]],[[4.553861,51.419291],[4.540632,51.420067],[4.521512,51.428645],[4.523372,51.438412],[4.531847,51.450866],[4.533191,51.467583],[4.525232,51.475929],[4.512623,51.477376]],[[4.512623,51.477376],[4.483064,51.474327],[4.429424,51.461976],[4.377128,51.442882],[4.38922,51.434588],[4.387153,51.427456],[4.380642,51.419653],[4.379918,51.409525],[4.38767,51.400533],[4.410097,51.38379],[4.416195,51.373971],[4.411234,51.356737],[4.392217,51.350407]],[[5.140182,51.307386],[5.122922,51.313381],[5.118064,51.319918],[5.107832,51.341984],[5.102561,51.350665],[5.068145,51.37454],[5.061737,51.384255],[5.065251,51.405907],[5.076413,51.421901],[5.079927,51.438541],[5.06029,51.461976],[5.030318,51.47443],[5.027527,51.476807]],[[5.027527,51.476807],[5.012128,51.474327],[5.006133,51.468307],[5.002723,51.459005],[4.995798,51.446706],[4.980192,51.430531],[4.957144,51.410997],[4.931926,51.395624],[4.910325,51.391903]],[[4.779067,51.426423],[4.822682,51.413685]],[[4.910325,51.391903],[4.871671,51.403039],[4.853274,51.40614],[4.783304,51.407638],[4.762117,51.413375],[4.767802,51.425389],[4.779067,51.426423]],[[4.614633,51.41756],[4.582697,51.422599]],[[4.582697,51.422599],[4.553861,51.419291]],[[4.392217,51.350407],[4.345605,51.352293],[4.326278,51.356427],[4.290105,51.368752],[4.281124,51.368947],[4.261068,51.369379]],[[5.232993,51.255916],[5.215423,51.258733],[5.214906,51.294338],[5.197336,51.308342],[5.178836,51.309505]],[[5.178836,51.309505],[5.140182,51.307386]],[[5.659013,51.179074],[5.648161,51.183957],[5.638549,51.190907],[5.62501,51.196902],[5.568373,51.207651],[5.551407,51.216767],[5.545532,51.219924],[5.542328,51.242661],[5.535197,51.26204],[5.516696,51.277233],[5.493235,51.286535],[5.471635,51.288085]],[[5.471635,51.288085],[5.451894,51.282116],[5.409933,51.263539],[5.389056,51.258707]],[[5.389056,51.258707],[5.270717,51.261833]],[[5.270717,51.261833],[5.239456,51.25693],[5.232993,51.255916]],[[5.781383,51.152409],[5.768051,51.159462],[5.747173,51.177601],[5.730844,51.18375],[5.718028,51.184603]],[[5.718028,51.184603],[5.67617,51.179177],[5.659013,51.179074]],[[5.815903,51.095875],[5.826652,51.096908],[5.83678,51.099492],[5.845979,51.103393],[5.823241,51.118741],[5.826445,51.130162],[5.840501,51.138921],[5.83802,51.143727],[5.829132,51.156465],[5.812079,51.157318]],[[5.812079,51.157318],[5.781383,51.152409]],[[5.804948,51.096624],[5.815903,51.095875]],[[5.791305,51.054998],[5.79885,51.061484],[5.804327,51.068589],[5.811769,51.082309],[5.808978,51.08634],[5.807428,51.089389],[5.804948,51.096624]],[[5.779626,51.061303],[5.791305,51.054998]],[[5.722369,50.959423],[5.761746,50.999162],[5.777559,51.023553],[5.76402,51.035181],[5.766397,51.048436],[5.771461,51.058125],[5.779626,51.061303]],[[5.717408,50.752821],[5.706556,50.754216],[5.688366,50.76083],[5.698701,50.783775],[5.700458,50.795557],[5.684852,50.798503],[5.663251,50.805065],[5.657432,50.807641],[5.64072,50.815039],[5.624493,50.830284],[5.622323,50.852659],[5.694463,50.903664],[5.706039,50.90661],[5.717614,50.909245],[5.722369,50.911674],[5.735288,50.923973],[5.752548,50.947227],[5.76402,50.959423],[5.754305,50.963092],[5.744693,50.963247]],[[5.744693,50.963247],[5.722369,50.959423]],[[5.793165,50.752149],[5.782933,50.756696],[5.76247,50.771011],[5.752444,50.773439]],[[5.752444,50.773439],[5.743556,50.769099],[5.732777,50.758851],[5.727846,50.754164],[5.717408,50.752821]],[[5.974756,50.74755],[5.902203,50.749048],[5.891321,50.75124],[5.891288,50.751246],[5.879878,50.753544]],[[5.879878,50.753544],[5.793165,50.752149]],[[5.99491,50.749927],[5.974756,50.74755]]]}},{"type":"Feature","properties":{},"geometry":{"type":"LineString","coordinates":[[9.547482,47.534547],[9.549887,47.533534]]}},{"type":"Feature","properties":{},"geometry":{"type":"MultiLineString","coordinates":[[[8.558216,47.801166],[8.583124,47.800236],[8.601624,47.794603],[8.603175,47.787317],[8.604105,47.774398],[8.607619,47.762254],[8.617437,47.757319]],[[8.482665,47.766853],[8.536512,47.774088],[8.551602,47.779255],[8.5423,47.795017],[8.558216,47.801166]],[[8.644102,47.791012],[8.657022,47.788118],[8.666633,47.778273],[8.674488,47.766698],[8.68193,47.75874],[8.692265,47.757164]],[[8.617437,47.757319],[8.62984,47.762796],[8.635007,47.784604],[8.644102,47.791012]],[[8.471503,47.76706],[8.482665,47.766853]],[[8.458274,47.639884],[8.437603,47.647842],[8.411972,47.661045],[8.407011,47.661562],[8.391301,47.665464],[8.397709,47.67629],[8.395229,47.684817],[8.390991,47.692129],[8.392128,47.699519],[8.401947,47.707089],[8.427268,47.716468],[8.437913,47.723186],[8.445458,47.743185],[8.450109,47.750471],[8.463648,47.763907],[8.471503,47.76706]],[[8.703324,47.758714],[8.713142,47.757422],[8.719757,47.747319],[8.71707,47.743547],[8.703737,47.730033],[8.70043,47.723496],[8.704667,47.715332],[8.712625,47.708691],[8.715106,47.701069],[8.71707,47.694558]],[[8.692265,47.757164],[8.703324,47.758714]],[[8.77071,47.720861],[8.797581,47.720034],[8.830241,47.707192],[8.856079,47.690682],[8.837682,47.687788],[8.837786,47.680838],[8.851935,47.671282],[8.852668,47.670786],[8.881711,47.656136],[8.906205,47.651795]],[[8.71707,47.694558],[8.769883,47.695074],[8.761718,47.70125],[8.77071,47.720861]],[[9.016586,47.6789],[9.128104,47.670425]],[[8.906205,47.651795],[8.945376,47.654302],[8.981756,47.662156],[8.997673,47.673835],[9.016586,47.6789]],[[9.183398,47.670425],[9.196937,47.656136]],[[9.128104,47.670425],[9.183398,47.670425]],[[8.601624,47.632598],[8.607309,47.656291],[8.598214,47.656885],[8.593589,47.658169],[8.582194,47.66133],[8.568241,47.662932]],[[8.568241,47.662932],[8.519666,47.657351],[8.504679,47.65226],[8.49083,47.645568],[8.476051,47.640401],[8.458274,47.639884]],[[9.234351,47.656162],[9.273211,47.65009],[9.547482,47.534547]],[[9.196937,47.656136],[9.234351,47.656162]],[[8.593563,47.642571],[8.594493,47.640969],[8.595113,47.63482],[8.601624,47.632598]],[[8.560697,47.589396],[8.574133,47.592445],[8.576305,47.595023],[8.580644,47.600171],[8.581781,47.607664],[8.581264,47.614769],[8.582504,47.62159],[8.582091,47.625027],[8.579714,47.628929],[8.57806,47.633476],[8.580334,47.639005],[8.583951,47.641124],[8.589222,47.642468],[8.593563,47.642571]],[[8.251051,47.622004],[8.276993,47.61663],[8.288569,47.615803],[8.293943,47.611462],[8.299317,47.601824],[8.306345,47.592187],[8.316164,47.587846],[8.354094,47.581024],[8.41807,47.580766]],[[7.912157,47.560561],[8.042279,47.560561],[8.087237,47.567382],[8.096952,47.571852],[8.101397,47.576193],[8.105427,47.581257],[8.113902,47.587846],[8.122067,47.592135],[8.143771,47.600067],[8.162065,47.603762],[8.168886,47.608646],[8.173847,47.613529],[8.179015,47.615803],[8.232965,47.621952],[8.251051,47.622004]],[[8.522353,47.621901],[8.537752,47.612134],[8.549638,47.598594],[8.551719,47.596863],[8.560697,47.589396]],[[8.41807,47.580766],[8.4211,47.581112],[8.448869,47.58428],[8.450109,47.589034],[8.461788,47.606139],[8.49238,47.619833],[8.522353,47.621901]],[[7.659666,47.596579],[7.646541,47.571542],[7.635895,47.564591]],[[7.586028,47.584619],[7.637032,47.594977],[7.659666,47.596579]],[[7.819657,47.595339],[7.833713,47.590481],[7.898205,47.587846],[7.904303,47.583557],[7.907507,47.574177],[7.90947,47.564798],[7.912157,47.560561]],[[7.683438,47.544257],[7.72732,47.550423],[7.76674,47.555961],[7.78555,47.563196],[7.801467,47.576089],[7.819657,47.595339]],[[7.635895,47.564591],[7.612337,47.564731],[7.609747,47.564746]],[[7.609747,47.564746],[7.646901,47.551445],[7.661423,47.546246],[7.683438,47.544257]]]}},{"type":"Feature","properties":{},"geometry":{"type":"MultiLineString","coordinates":[[[6.391682,49.466697],[6.402741,49.465457],[6.494518,49.435537],[6.511674,49.424736],[6.517876,49.416416],[6.520563,49.408148],[6.520769,49.402567],[6.518806,49.402154],[6.52573,49.395487],[6.574306,49.361794],[6.577717,49.3558],[6.573376,49.347738],[6.555599,49.34717],[6.550122,49.338023],[6.556426,49.326396],[6.573169,49.313115],[6.639677,49.271154],[6.641227,49.266916],[6.63916,49.256788],[6.640297,49.252757],[6.645671,49.250018],[6.659521,49.246763],[6.663758,49.243869],[6.671613,49.225317],[6.674817,49.221131],[6.675954,49.218909],[6.677918,49.211054],[6.680605,49.207489]],[[6.353855,49.45476],[6.3645,49.456104],[6.383517,49.46463],[6.391682,49.466697]],[[6.702516,49.213638],[6.70882,49.197773],[6.703756,49.185113],[6.700965,49.172865],[6.713781,49.158861],[6.725563,49.155554],[6.770108,49.155295],[6.809072,49.145839]],[[6.680605,49.207489],[6.685049,49.207799],[6.698485,49.213586],[6.702516,49.213638]],[[6.843489,49.211054],[6.885243,49.204801]],[[6.809072,49.145839],[6.821785,49.147751],[6.839045,49.162788],[6.835221,49.179377],[6.827676,49.195551],[6.833464,49.209452],[6.843489,49.211054]],[[6.914389,49.206662],[6.925448,49.205576],[6.987873,49.182425],[7.009474,49.181702],[7.008957,49.146407],[7.020532,49.118967],[7.042546,49.107598]],[[6.885243,49.204801],[6.914389,49.206662]],[[7.391052,49.170023],[7.410483,49.168938],[7.414823,49.157776],[7.458025,49.155864],[7.476112,49.151523],[7.482726,49.137054],[7.475285,49.133901],[7.472804,49.131628],[7.471047,49.12832],[7.485103,49.118708],[7.507738,49.094576],[7.520863,49.083672],[7.542671,49.074577],[7.586389,49.069564],[7.60861,49.061968],[7.615948,49.055973],[7.625663,49.043002],[7.634965,49.037783],[7.644939,49.036294],[7.648814,49.035716]],[[7.274367,49.105014],[7.280258,49.108993],[7.2908,49.123101],[7.297105,49.128114],[7.305993,49.130129],[7.326457,49.131834],[7.334002,49.13416],[7.339066,49.139689],[7.3463,49.15421],[7.350951,49.159171],[7.367591,49.165372],[7.371634,49.166174],[7.391052,49.170023]],[[7.079857,49.142014],[7.085335,49.141549],[7.123575,49.123308],[7.139285,49.117933],[7.154994,49.114419],[7.241191,49.113902],[7.268062,49.105634],[7.274367,49.105014]],[[7.042546,49.107598],[7.073242,49.12031],[7.074793,49.125375],[7.071589,49.130594],[7.070762,49.136123],[7.079857,49.142014]],[[7.773665,49.048118],[7.856864,49.032254]],[[7.726949,49.035664],[7.739145,49.037731],[7.762606,49.046155],[7.773665,49.048118]],[[7.685091,49.042796],[7.69615,49.041555],[7.717337,49.036595],[7.726949,49.035664]],[[7.648814,49.035716],[7.660803,49.037731],[7.672482,49.041039],[7.685091,49.042796]],[[7.913811,49.036181],[7.931898,49.034838],[8.090441,48.979182],[8.18873,48.965746],[8.200305,48.958563],[8.199892,48.95825],[8.179325,48.942698],[8.148112,48.903734],[8.10274,48.821311],[8.090338,48.807513],[8.08424,48.804051],[8.04755,48.791028],[8.038765,48.79077],[8.036594,48.788289],[8.031943,48.785344],[8.027293,48.780021],[8.025122,48.770616],[8.022952,48.765087],[8.017267,48.761831],[8.009619,48.760074],[7.981507,48.759764],[7.970138,48.757283],[7.964867,48.748343],[7.963627,48.729275],[7.959183,48.721368],[7.948434,48.71186],[7.935205,48.703333],[7.92332,48.698217],[7.895931,48.676513],[7.880635,48.667728],[7.864098,48.664162],[7.852419,48.658685],[7.810252,48.615018],[7.801777,48.582359],[7.801673,48.54758],[7.813455,48.526341],[7.813455,48.519468],[7.788444,48.506343],[7.776455,48.498178],[7.771287,48.489109],[7.76922,48.470066],[7.764156,48.460351],[7.757645,48.453891],[7.75072,48.444408],[7.745656,48.433014],[7.738318,48.406607],[7.737181,48.393481],[7.740385,48.381441],[7.746896,48.368677],[7.75196,48.355344],[7.75072,48.341366],[7.736974,48.326664],[7.718578,48.319997],[7.702454,48.311187],[7.69553,48.29018],[7.693463,48.269871],[7.687158,48.252921],[7.676616,48.2384],[7.613364,48.179205],[7.60675,48.166984],[7.604786,48.152566],[7.599722,48.144711],[7.5929,48.138665],[7.585666,48.129725],[7.578948,48.11448],[7.572643,48.094972],[7.575744,48.053709],[7.618945,48.002652],[7.621116,47.97144],[7.611607,47.959399],[7.584942,47.940408],[7.579568,47.92705],[7.580808,47.910798],[7.578948,47.906328],[7.572643,47.896302],[7.568613,47.891367],[7.561998,47.887052],[7.559001,47.882711],[7.557864,47.878526],[7.558381,47.875994],[7.559207,47.873461],[7.559001,47.869017],[7.564168,47.850414],[7.561998,47.839226],[7.548459,47.834239],[7.542878,47.829433],[7.528615,47.797032],[7.525928,47.783157],[7.53833,47.748146],[7.537813,47.731816],[7.531922,47.725202],[7.515386,47.713316],[7.511872,47.707322],[7.514662,47.685798],[7.517866,47.675024],[7.521794,47.670425],[7.536573,47.665205],[7.550112,47.652441],[7.572643,47.622004],[7.578638,47.61694],[7.585046,47.613167],[7.590317,47.607948],[7.592487,47.598414],[7.59011,47.594822],[7.586028,47.584619]],[[7.856864,49.032254],[7.913811,49.036181]]]}},{"type":"Feature","properties":{},"geometry":{"type":"LineString","coordinates":[[9.521155,47.262801],[9.553298,47.299853],[9.587404,47.32781],[9.591228,47.334683],[9.596396,47.352305],[9.601047,47.36127],[9.639804,47.394524],[9.649519,47.409717],[9.650346,47.452092],[9.621717,47.469197],[9.58451,47.480721],[9.554951,47.5109],[9.553059,47.516891],[9.547482,47.534547]]}},{"type":"Feature","properties":{},"geometry":{"type":"MultiLineString","coordinates":[[[9.560636,47.0524],[9.499554,47.059351],[9.477023,47.063898],[9.475886,47.073226],[9.487565,47.083949],[9.502861,47.094698],[9.51237,47.10803],[9.511853,47.129372],[9.503481,47.145392],[9.492629,47.15981],[9.484981,47.176346],[9.487358,47.210014],[9.504618,47.243732],[9.521155,47.262801]],[[9.581203,47.05687],[9.560636,47.0524]]]}},{"type":"Feature","properties":{},"geometry":{"type":"MultiLineString","coordinates":[[[7.501743,47.532965],[7.485103,47.541595],[7.482726,47.542267],[7.520867,47.563416],[7.526341,47.566452],[7.550319,47.575495],[7.585483,47.584479],[7.586028,47.584619]],[[7.493062,47.515499],[7.501123,47.517307],[7.505464,47.523018],[7.505154,47.533017]],[[7.505154,47.533017],[7.501743,47.532965]],[[7.482726,47.516997],[7.493062,47.515499]],[[7.46743,47.481909],[7.482726,47.491263],[7.484483,47.492942],[7.485827,47.495784],[7.48593,47.498394],[7.485776,47.498768],[7.484897,47.5009],[7.477765,47.507696],[7.475595,47.511726],[7.476939,47.514879],[7.482726,47.516997]],[[7.009784,47.499247],[7.018879,47.49767],[7.027974,47.492942],[7.053915,47.490384]],[[6.86664,47.354165],[6.871601,47.366955],[6.884003,47.382587],[6.898783,47.395713],[6.924517,47.405996],[6.926068,47.424858],[6.952319,47.428837],[6.968546,47.435194],[6.983429,47.443798],[6.990973,47.452221],[6.986116,47.464132],[6.97578,47.477956],[6.9733,47.489092],[6.991904,47.492942],[7.000792,47.49767],[7.009784,47.499247]],[[7.103731,47.496275],[7.127296,47.492942],[7.140318,47.487852],[7.142169,47.487651],[7.153651,47.486405]],[[7.053915,47.490384],[7.103731,47.496275]],[[7.425986,47.492503],[7.441488,47.488834],[7.445996,47.486884],[7.454511,47.483201],[7.46743,47.481909]],[[7.378547,47.430646],[7.388219,47.433289],[7.406349,47.438242],[7.420563,47.450857],[7.426089,47.455761],[7.429293,47.465114],[7.427639,47.470747],[7.422782,47.475424],[7.419474,47.477852],[7.41441,47.484028],[7.414307,47.490177],[7.425986,47.492503]],[[7.180833,47.488265],[7.162642,47.459895],[7.168327,47.443565],[7.190031,47.434728],[7.219383,47.428476],[7.223517,47.426228],[7.226308,47.422636],[7.230339,47.419019],[7.23809,47.416797]],[[7.153651,47.486405],[7.180833,47.488265]],[[7.309093,47.432661],[7.33693,47.431854],[7.378547,47.430646]],[[7.23809,47.416797],[7.244808,47.417727],[7.282635,47.428889],[7.309093,47.432661]],[[6.061883,46.241158],[6.067671,46.241623],[6.089685,46.246377],[6.094026,46.253044],[6.093095,46.262294],[6.093612,46.273094],[6.100743,46.301413],[6.104051,46.309216],[6.118607,46.331771],[6.1364,46.359342],[6.135057,46.370401],[6.122861,46.385542],[6.108185,46.396497],[6.059019,46.417383],[6.054235,46.419416],[6.065707,46.427012],[6.067567,46.433601],[6.0655,46.440371],[6.0655,46.447993],[6.064777,46.451068],[6.0624,46.455202],[6.060229,46.459904],[6.060229,46.46502],[6.064157,46.471118],[6.075525,46.479593],[6.110355,46.520831],[6.145702,46.55163],[6.121517,46.570285],[6.118417,46.583463],[6.131853,46.595607],[6.266315,46.680356],[6.337938,46.707409],[6.34786,46.71317],[6.374215,46.733609],[6.407391,46.745701],[6.417933,46.751101],[6.429199,46.760816],[6.433023,46.76911],[6.432609,46.785983],[6.425168,46.791615],[6.419897,46.796525],[6.417107,46.802157],[6.418554,46.807015],[6.434263,46.839545],[6.441188,46.848149],[6.443118,46.851455],[6.446769,46.857709],[6.448422,46.871559],[6.445219,46.882617],[6.431886,46.900032],[6.427752,46.909076],[6.442635,46.944164],[6.491107,46.963388],[6.598698,46.986539],[6.665412,47.021291],[6.688253,47.043848],[6.676264,47.0624],[6.6897,47.07829],[6.699105,47.084621],[6.72422,47.09077],[6.72794,47.097126],[6.731661,47.098883],[6.746027,47.103948],[6.744787,47.121053],[6.774759,47.128184],[6.838076,47.168132],[6.840285,47.169525],[6.859302,47.190919],[6.888344,47.211305],[6.956247,47.245231],[6.952216,47.270036],[6.958624,47.290551],[6.977434,47.303729],[6.986529,47.304504],[6.991904,47.305951],[7.006476,47.319361],[7.016915,47.323521],[7.027147,47.325433],[7.036552,47.329515],[7.044303,47.340497],[7.033865,47.350651],[7.018879,47.359901],[7.003996,47.368143]],[[7.003996,47.368143],[6.985599,47.362123],[6.86664,47.354165]],[[6.848553,46.085043],[6.853101,46.090211],[6.861162,46.097032],[6.86819,46.10468],[6.869224,46.112329],[6.853927,46.122612],[6.774346,46.134808],[6.765664,46.151603],[6.774863,46.185864],[6.792226,46.221676],[6.827676,46.269477],[6.804938,46.296607],[6.769488,46.322678],[6.750368,46.345518],[6.755742,46.357068],[6.782097,46.378462],[6.789229,46.395205],[6.788107,46.405008],[6.787058,46.414171],[6.777756,46.424093],[6.777716,46.424106],[6.762667,46.42926],[6.613684,46.455899],[6.547021,46.457372]],[[6.547021,46.457372],[6.482942,46.448587],[6.397676,46.408176],[6.365223,46.40244],[6.332357,46.401381],[6.301558,46.394482],[6.269105,46.375026],[6.24058,46.348955],[6.219496,46.329111],[6.214122,46.315469],[6.218256,46.305495],[6.227454,46.288494],[6.227971,46.284463],[6.237583,46.267926],[6.24182,46.263689],[6.252259,46.259916]],[[6.269002,46.265239],[6.27603,46.26312],[6.281198,46.240073],[6.255359,46.221107],[6.191384,46.191704],[6.140328,46.150207],[6.107875,46.138632]],[[6.252259,46.259916],[6.269002,46.265239]],[[6.046173,46.243535],[6.048033,46.243432],[6.055888,46.241675],[6.061883,46.241158]],[[5.95884,46.130467],[5.972172,46.152171],[5.979821,46.162248],[5.982921,46.170826],[5.965248,46.186226],[5.954809,46.19992],[5.95853,46.211961],[5.982921,46.222709],[6.042866,46.24307],[6.044519,46.243432],[6.046173,46.243535]],[[6.107875,46.138632],[6.073872,46.149174]],[[6.073872,46.149174],[6.028293,46.147934],[5.982921,46.140441],[5.95884,46.130467]],[[6.869224,46.044064],[6.859715,46.044994],[6.85093,46.049645],[6.85031,46.052746],[6.852377,46.056931],[6.851964,46.064683],[6.853411,46.065665],[6.853101,46.076103],[6.851344,46.086025]],[[6.851344,46.086025],[6.848553,46.085043]],[[7.022083,45.92526],[7.015158,45.933321],[7.009784,45.943398],[7.002756,45.961692],[6.991283,45.982466],[6.987666,45.993111],[6.982808,45.995385],[6.915112,46.048612],[6.892375,46.055588]],[[6.892375,46.055588],[6.884003,46.053211],[6.876872,46.048095],[6.869224,46.044064]]]}},{"type":"Feature","properties":{},"geometry":{"type":"LineString","coordinates":[[-7.27043,38.617696],[-7.273531,38.625395],[-7.279422,38.628909],[-7.286036,38.631907],[-7.290946,38.638159],[-7.292496,38.646118],[-7.292961,38.656272],[-7.290946,38.679087],[-7.284073,38.713245],[-7.280714,38.720428],[-7.272187,38.733735],[-7.27043,38.737507],[-7.225878,38.766134],[-7.211519,38.77536],[-7.196429,38.779985],[-7.179738,38.790889],[-7.166199,38.803421],[-7.160618,38.812903],[-7.151006,38.819285],[-7.104859,38.827192]]}},{"type":"Feature","properties":{},"geometry":{"type":"MultiLineString","coordinates":[[[13.783582,48.71527],[13.785856,48.724779],[13.815725,48.76643]],[[13.73728,48.559259],[13.758054,48.561481],[13.766012,48.563755],[13.77428,48.569207],[13.779034,48.573935],[13.796191,48.598585],[13.802392,48.611711],[13.805493,48.626129],[13.806216,48.642923],[13.800945,48.675221],[13.803529,48.687159],[13.816862,48.695582],[13.804356,48.699561],[13.799395,48.70261],[13.78875,48.716511]],[[13.78875,48.716511],[13.783582,48.71527]],[[13.520704,48.584581],[13.624367,48.565357],[13.641834,48.559104],[13.65806,48.551094],[13.673356,48.535488],[13.714336,48.523215],[13.716506,48.521691]],[[12.75796,48.121896],[12.764058,48.123756],[12.77832,48.138717],[12.782351,48.142024],[12.822142,48.160679],[12.835164,48.170704],[12.853458,48.18998],[12.862553,48.196646],[12.877642,48.202046],[12.93304,48.209255],[12.931696,48.211632],[12.947199,48.220004],[12.979445,48.232018],[13.016652,48.255893],[13.032775,48.263567],[13.136438,48.291059],[13.274207,48.307104],[13.307797,48.319636],[13.405569,48.376583],[13.419522,48.392164],[13.425206,48.413377],[13.42717,48.418544],[13.431717,48.423712],[13.436161,48.430585],[13.438228,48.440998],[13.436368,48.469239],[13.438228,48.478541],[13.442983,48.487713],[13.456418,48.506653],[13.459209,48.516394],[13.457039,48.525179],[13.447737,48.534816],[13.443706,48.552851],[13.440709,48.557347],[13.440089,48.560965],[13.445566,48.567915],[13.454558,48.573445],[13.487218,48.581584],[13.520704,48.584581]],[[13.733869,48.559776],[13.73728,48.559259]],[[13.716506,48.521691],[13.725394,48.548381],[13.733869,48.559776]],[[12.751449,48.122103],[12.75796,48.121896]],[[12.964045,47.705358],[12.908338,47.71236],[12.892009,47.723548],[12.910612,47.742927],[12.910819,47.74303],[12.910819,47.743082],[12.917227,47.750161],[12.918984,47.756776],[12.919294,47.763184],[12.921257,47.76954],[12.926735,47.777395],[12.991227,47.847106],[12.986576,47.850259],[12.964976,47.871963],[12.931076,47.924879],[12.914229,47.93599],[12.906168,47.93891],[12.886014,47.952888],[12.862036,47.962552],[12.853975,47.970484],[12.8486,47.980948],[12.848246,47.982389],[12.845603,47.993144],[12.830617,48.015468],[12.760234,48.064871],[12.750932,48.074741],[12.742043,48.086782],[12.736979,48.099959],[12.738943,48.113447],[12.745041,48.12063],[12.751449,48.122103]],[[12.242229,47.732023],[12.239128,47.72745],[12.236545,47.716778],[12.233031,47.708872],[12.226623,47.702878],[12.223315,47.695901],[12.228793,47.684868],[12.238715,47.6789]],[[12.165645,47.603969],[12.173603,47.60508],[12.202128,47.629833],[12.205745,47.636215],[12.206779,47.645568],[12.205125,47.672285],[12.202335,47.677789],[12.197271,47.680088],[12.189106,47.685566],[12.181768,47.692129],[12.178564,47.697658],[12.1766,47.705823],[12.192413,47.710164],[12.216494,47.723703],[12.225176,47.727372],[12.239749,47.731687],[12.242229,47.732023]],[[13.04094,47.58335],[13.057063,47.597664],[13.057683,47.600429],[13.069569,47.620247],[13.072049,47.622417],[13.07422,47.63451],[13.07484,47.646654],[13.072049,47.659469],[13.064091,47.67399],[13.044557,47.696573],[13.032258,47.706624],[13.019856,47.712929],[13.004353,47.714608]],[[13.004353,47.714608],[12.979032,47.707089],[12.964045,47.705358]],[[12.407697,47.693731],[12.42413,47.69156],[12.428781,47.685798],[12.43922,47.664482],[12.444697,47.656291],[12.452759,47.649754],[12.482524,47.633579],[12.49658,47.628903],[12.517148,47.628541]],[[12.351473,47.68169],[12.368423,47.683551],[12.407697,47.693731]],[[12.293699,47.69001],[12.351473,47.68169]],[[12.238715,47.6789],[12.249567,47.680011],[12.271891,47.687891],[12.293699,47.69001]],[[12.688713,47.675127],[12.744834,47.66536]],[[12.517148,47.628541],[12.538232,47.631331],[12.553838,47.636008],[12.563375,47.641761],[12.598383,47.66288],[12.6174,47.669339],[12.653057,47.675127],[12.688713,47.675127]],[[12.761991,47.666859],[12.751655,47.649392],[12.767365,47.63637],[12.793307,47.624794],[12.81315,47.611824],[12.785865,47.602677],[12.773669,47.5795],[12.77894,47.554825],[12.803642,47.541337],[12.819041,47.539528],[12.828446,47.537255],[12.836921,47.532655],[12.882603,47.498575],[12.931593,47.473512],[12.942548,47.470489]],[[12.744834,47.66536],[12.761991,47.666859]],[[11.935891,47.610738],[12.165645,47.603969]],[[11.820343,47.575288],[11.830678,47.577614],[11.840703,47.594615],[11.851969,47.599163],[11.935891,47.610738]],[[11.620458,47.589654],[11.638958,47.589241],[11.682573,47.58335],[11.764015,47.583117],[11.820343,47.575288]],[[11.482585,47.50258],[11.529508,47.507851],[11.551212,47.51369],[11.569402,47.527384],[11.574466,47.536634],[11.582321,47.559785],[11.589142,47.570379],[11.617048,47.586761],[11.620458,47.589654]],[[9.782121,47.588414],[9.79628,47.584952],[9.807959,47.576322],[9.811266,47.564488],[9.809303,47.552318],[9.813127,47.54175],[9.833487,47.534619]],[[9.612622,47.521881],[9.676701,47.52263],[9.703986,47.531415],[9.718455,47.546711],[9.730858,47.564901],[9.752665,47.582058],[9.767135,47.587277],[9.782121,47.588414]],[[13.038253,47.584022],[13.04094,47.58335]],[[13.03908,47.561336],[13.038253,47.584022]],[[10.453604,47.581102],[10.457118,47.579242],[10.461563,47.569914],[10.460322,47.565987],[10.455465,47.561181],[10.451744,47.554825],[10.453501,47.546246],[10.458772,47.541647],[10.466937,47.53772],[10.482543,47.532862],[10.525125,47.52847]],[[10.159876,47.271121],[10.174951,47.272376],[10.239354,47.277735],[10.261161,47.283497],[10.305913,47.302178],[10.325447,47.314322],[10.34343,47.330756],[10.365651,47.361115],[10.371646,47.367394],[10.381981,47.372122],[10.403065,47.377109],[10.411643,47.381037],[10.428283,47.396049],[10.442856,47.41628],[10.451951,47.438759],[10.451744,47.460205],[10.44761,47.472581],[10.442236,47.481392],[10.433657,47.487852],[10.419601,47.493045],[10.42973,47.532914],[10.43097,47.542164],[10.424356,47.553352],[10.415674,47.564385],[10.414227,47.573015],[10.429213,47.57702],[10.445956,47.579061],[10.453604,47.581102]],[[10.583726,47.562473],[10.60791,47.562266],[10.739892,47.52847],[10.743923,47.525317],[10.74723,47.52015],[10.752191,47.515395],[10.760769,47.513638]],[[10.525125,47.52847],[10.536907,47.529865],[10.549619,47.536789],[10.569876,47.555936],[10.583726,47.562473]],[[12.991124,47.465683],[13.001873,47.466019],[13.008797,47.470101],[13.037323,47.493045],[13.037013,47.501365],[13.034429,47.507437],[13.031225,47.512553],[13.028951,47.518031],[13.028124,47.524232],[13.028124,47.541647],[13.030605,47.544257],[13.040113,47.560457],[13.04125,47.561904]],[[13.04125,47.561904],[13.03908,47.561336]],[[9.858912,47.541337],[9.888988,47.533792],[9.918753,47.53219]],[[9.833487,47.534619],[9.841549,47.535032],[9.853848,47.540407],[9.858912,47.541337]],[[9.945935,47.540769],[9.948726,47.524232],[9.959164,47.514879],[9.97167,47.506404],[9.980765,47.492942],[9.980765,47.489919],[9.981075,47.48687],[9.982625,47.481031],[9.993581,47.476586]],[[9.918753,47.53219],[9.933843,47.534206],[9.945935,47.540769]],[[9.549887,47.533534],[9.554144,47.532743],[9.612622,47.521881]],[[10.844795,47.531312],[10.858644,47.530666],[10.86929,47.526583],[10.892234,47.514879],[10.883862,47.508006],[10.851616,47.493097],[10.858438,47.485165],[10.909907,47.46899],[10.959827,47.432506],[10.962824,47.427959],[10.963134,47.421241],[10.96086,47.414316],[10.957656,47.409717],[10.955279,47.409614],[10.965511,47.396075],[10.979464,47.390545],[11.083747,47.389512]],[[10.760769,47.513638],[10.790328,47.516067],[10.830636,47.528573],[10.844795,47.531312]],[[11.435353,47.509711],[11.459951,47.507437],[11.482585,47.50258]],[[11.237019,47.393956],[11.258827,47.400725],[11.273089,47.411112],[11.286318,47.423205],[11.305645,47.4354],[11.324249,47.439431],[11.367657,47.440129],[11.383884,47.444857],[11.392462,47.454779],[11.388638,47.46222],[11.377786,47.467052],[11.365487,47.469326],[11.412616,47.506094],[11.435353,47.509711]],[[10.022623,47.487955],[10.071819,47.439121],[10.080604,47.42739],[10.075953,47.416874],[10.053215,47.40486],[10.064171,47.396178],[10.066858,47.385791],[10.067788,47.375042],[10.073162,47.365482],[10.082878,47.359074]],[[9.993581,47.476586],[10.002366,47.47917],[10.011254,47.484441],[10.022623,47.487955]],[[12.96973,47.475734],[12.979342,47.472246],[12.984923,47.468267],[12.991124,47.465683]],[[12.942548,47.470489],[12.951023,47.472478],[12.959291,47.475527],[12.96973,47.475734]],[[11.193818,47.428941],[11.215212,47.422998],[11.213041,47.395816],[11.237019,47.393956]],[[11.083747,47.389512],[11.10328,47.393568],[11.168599,47.424264],[11.193818,47.428941]],[[10.190881,47.379228],[10.209278,47.372484],[10.208555,47.354475],[10.190468,47.317475],[10.192742,47.310912],[10.193259,47.304917],[10.190778,47.298251],[10.18592,47.294995],[10.172691,47.292308],[10.168661,47.290422],[10.159462,47.279131],[10.155431,47.272878],[10.159876,47.271121]],[[10.130833,47.362666],[10.135071,47.364888],[10.146956,47.373802],[10.190881,47.379228]],[[10.11037,47.367394],[10.11533,47.366955],[10.125666,47.362692],[10.130833,47.362666]],[[10.082878,47.359074],[10.089596,47.359281],[10.097244,47.363131],[10.11037,47.367394]]]}},{"type":"Feature","properties":{},"geometry":{"type":"MultiLineString","coordinates":[[[16.094035,46.862774],[16.052936,46.84606],[16.032024,46.837556],[16.028441,46.836947],[15.987582,46.830011],[15.981691,46.827685],[15.971976,46.820632],[15.972906,46.818435],[15.97735,46.816213],[15.978177,46.809134],[15.971252,46.778076],[15.970985,46.77505],[15.969702,46.760532],[15.970529,46.743014],[15.982001,46.718545],[16.003291,46.709191],[16.014557,46.693714],[16.016723,46.670691],[16.016727,46.670641]],[[16.016727,46.670641],[16.016593,46.670757],[15.997917,46.686919],[15.986962,46.69219],[15.946344,46.697151],[15.878545,46.720715],[15.850743,46.724488]],[[15.850743,46.724488],[15.822941,46.722834],[15.78461,46.7122],[15.755141,46.704024],[15.728683,46.70299]],[[15.728683,46.70299],[15.652098,46.710819],[15.635975,46.717563]],[[15.635975,46.717563],[15.632875,46.702473],[15.632978,46.689632],[15.626984,46.680873],[15.621745,46.678175],[15.616648,46.67555],[15.603729,46.673018]],[[15.603729,46.673018],[15.58864,46.675963]],[[15.58864,46.675963],[15.567349,46.675757],[15.545955,46.671881],[15.530659,46.663845],[15.52084,46.649608],[15.520308,46.64772],[15.517636,46.63824],[15.513939,46.632545],[15.511228,46.628369],[15.492625,46.618293],[15.462653,46.614649]],[[15.204891,46.638963],[15.172557,46.64136],[15.105591,46.646323],[15.085723,46.647795],[15.061954,46.649557]],[[15.061954,46.649557],[15.004386,46.636844],[14.967179,46.600257]],[[15.462653,46.614649],[15.440018,46.62439],[15.435381,46.627195],[15.417591,46.637955],[15.388135,46.645578]],[[15.388135,46.645578],[15.332784,46.64358],[15.204891,46.638963]],[[14.967179,46.600257],[14.947955,46.619274],[14.933589,46.621135]],[[14.933589,46.621135],[14.919507,46.615017],[14.897726,46.605554],[14.894063,46.605215],[14.877055,46.603642]],[[14.877055,46.603642],[14.862999,46.604831]],[[14.862999,46.604831],[14.85039,46.601136],[14.833647,46.584393],[14.822278,46.567546],[14.814519,46.551337],[14.807189,46.536024],[14.796663,46.519401],[14.788585,46.506646],[14.783004,46.503261],[14.760887,46.496284],[14.735255,46.493339]],[[13.782135,46.507782],[13.716093,46.518867],[13.700951,46.519746]],[[13.998763,46.480523],[13.98233,46.481918],[13.890862,46.511787],[13.860683,46.51525]],[[13.860683,46.51525],[13.795778,46.507886],[13.782135,46.507782]],[[14.735255,46.493339],[14.726367,46.497706]],[[14.726367,46.497706],[14.709727,46.492512],[14.703733,46.487758],[14.698772,46.480962],[14.687093,46.471221],[14.679961,46.458871]],[[14.362151,46.435875],[14.242323,46.438237],[14.149865,46.440061],[14.147933,46.440425],[14.137255,46.442438],[14.081032,46.47595],[14.066355,46.48104],[14.050026,46.484399],[14.032456,46.484709]],[[14.032456,46.484709],[14.014922,46.482531],[13.998763,46.480523]],[[14.679961,46.458871],[14.672546,46.459791],[14.666629,46.460524]],[[14.666629,46.460524],[14.662081,46.459698],[14.642031,46.445228],[14.631696,46.440577],[14.621567,46.43851],[14.599863,46.437167],[14.590148,46.434428],[14.575368,46.419726],[14.566997,46.400373],[14.562108,46.391737],[14.557695,46.38394],[14.540332,46.378643]],[[14.467675,46.412672],[14.450931,46.414481],[14.437145,46.418884],[14.420029,46.424351],[14.414448,46.429002],[14.411244,46.434635],[14.40649,46.439337],[14.395844,46.440991]],[[14.395844,46.440991],[14.362151,46.435875]],[[14.540332,46.378643],[14.527102,46.388229],[14.515837,46.40536],[14.502194,46.418356]],[[14.502194,46.418356],[14.467675,46.412672]]]}},{"type":"Feature","properties":{},"geometry":{"type":"MultiLineString","coordinates":[[[19.000214,43.547886],[19.01427,43.537783],[19.025019,43.523029],[19.038145,43.511015],[19.054991,43.5067]],[[18.946264,43.443938],[18.946368,43.44908],[18.950708,43.457297],[18.951225,43.463808],[18.937893,43.478949],[18.930658,43.482282],[18.915258,43.485383],[18.905647,43.490628],[18.90513,43.499051],[18.911021,43.507268],[18.920529,43.512203],[18.938926,43.518947],[18.962697,43.5383],[18.977477,43.546232],[19.000214,43.547886]],[[19.147699,43.538145],[19.195345,43.532796]],[[19.054991,43.5067],[19.076386,43.507242],[19.096023,43.512901],[19.122791,43.535948],[19.147699,43.538145]],[[18.992463,43.267102],[19.002902,43.273949],[19.01086,43.28232],[19.017164,43.291157],[19.022535,43.296546],[19.024709,43.298728],[19.036285,43.303327],[19.062536,43.304386],[19.069668,43.30883],[19.039592,43.350714],[19.00993,43.410995],[18.975306,43.444274],[18.968278,43.448098]],[[18.968278,43.448098],[18.946264,43.443938]],[[18.899135,43.351903],[18.923423,43.346838],[18.950295,43.333067],[18.957323,43.325858],[18.957943,43.318985],[18.957116,43.311828],[18.959493,43.303456],[18.968589,43.292216],[18.988949,43.272941],[18.989506,43.272016],[18.992463,43.267102]],[[18.638996,43.020243],[18.621116,43.09644],[18.620599,43.122563],[18.621128,43.124578],[18.629074,43.154886],[18.645301,43.180182],[18.688399,43.224469],[18.664318,43.233176],[18.679511,43.24948],[18.807151,43.318029],[18.833506,43.324153],[18.830302,43.328157],[18.824618,43.337408],[18.821207,43.341387],[18.839604,43.34782],[18.899135,43.351903]],[[18.598379,43.024455],[18.638996,43.020243]],[[18.481797,42.563682],[18.492132,42.564767],[18.495852,42.570865],[18.493682,42.579831],[18.486654,42.58983],[18.506798,42.59849],[18.517247,42.602982],[18.538434,42.618304],[18.542832,42.626429],[18.549596,42.638923],[18.550009,42.668069],[18.539674,42.695457],[18.522518,42.71189],[18.502157,42.727445],[18.46743,42.769199],[18.453891,42.793151],[18.444589,42.817078],[18.443659,42.834467],[18.453478,42.845655],[18.465984,42.852812],[18.473322,42.862553],[18.467637,42.881699],[18.443969,42.916865],[18.434047,42.936889],[18.433531,42.954201],[18.452754,42.993398],[18.483037,43.014637],[18.538951,43.023887],[18.598379,43.024455]],[[18.458956,42.569728],[18.470531,42.569056],[18.481797,42.563682]],[[18.437355,42.559212],[18.44769,42.566214],[18.458956,42.569728]]]}},{"type":"Feature","properties":{},"geometry":{"type":"MultiLineString","coordinates":[[[16.947317,45.23569],[16.941529,45.241219],[16.942149,45.249849],[16.940702,45.257755],[16.93264,45.278788],[16.924372,45.284524]],[[16.924372,45.284524],[16.896984,45.268142],[16.893986,45.263543],[16.885822,45.255223],[16.875383,45.246955],[16.867321,45.243389],[16.86174,45.232227],[16.851922,45.227421],[16.84076,45.224011],[16.830734,45.216983],[16.82505,45.205045],[16.825774,45.196364],[16.824223,45.189077],[16.811718,45.181223],[16.786293,45.178846]],[[16.998683,45.2314],[16.988141,45.236516],[16.975945,45.247162],[16.961166,45.250934]],[[16.961166,45.250934],[16.9653,45.244216],[16.967987,45.237292],[16.947317,45.23569]],[[17.008295,45.216156],[17.012532,45.224476],[17.013566,45.230574],[17.012015,45.236465],[17.008295,45.244165]],[[17.008295,45.244165],[16.998683,45.2314]],[[17.187095,45.148563],[17.124628,45.169058],[17.098418,45.177657],[17.055734,45.200446],[17.036303,45.23047]],[[17.036303,45.23047],[17.030206,45.226956],[17.014393,45.219773],[17.008295,45.216156]],[[16.786293,45.178846],[16.587028,45.220858],[16.528944,45.222254]],[[16.528944,45.222254],[16.481919,45.199516],[16.449156,45.148098],[16.435513,45.132853],[16.424764,45.127272],[16.398513,45.121433],[16.389211,45.116834],[16.38177,45.107584],[16.381976,45.101951],[16.384043,45.09544],[16.381976,45.083709],[16.377325,45.075596],[16.356965,45.048621],[16.346023,45.02002],[16.346019,45.02001],[16.340635,45.005936],[16.316244,45.001234]],[[16.316244,45.001234],[16.279347,45.007176],[16.24121,45.018959],[16.212994,45.031464],[16.121527,45.096163],[16.104061,45.112545],[16.08277,45.151612],[16.067474,45.169595],[16.054968,45.176417],[16.033057,45.179724],[16.024375,45.184323],[16.024996,45.188922],[16.028716,45.19626],[16.029233,45.205045],[16.020448,45.213934],[16.008459,45.218171],[15.997504,45.218533]],[[15.997504,45.218533],[15.974559,45.215381]],[[15.974559,45.215381],[15.878855,45.217241]],[[15.878855,45.217241],[15.824801,45.210988],[15.802569,45.196473],[15.792348,45.189801],[15.780979,45.167993],[15.780049,45.160294],[15.78377,45.100917],[15.779429,45.085363],[15.755968,45.042213],[15.755555,45.023558],[15.76744,44.993224],[15.763616,44.97555],[15.738811,44.944855],[15.734108,44.93444],[15.730853,44.927233],[15.734264,44.902118],[15.74801,44.882016],[15.76403,44.864033],[15.773435,44.845016],[15.76868,44.827342],[15.751214,44.821555],[15.730647,44.817007],[15.716074,44.80321],[15.717314,44.786466],[15.728476,44.769103],[15.753694,44.739286],[15.759275,44.73417],[15.78284,44.722594],[15.790488,44.713396],[15.796999,44.703267],[15.805681,44.696653]],[[17.382432,45.139623],[17.368583,45.145101],[17.359384,45.150682],[17.326518,45.165926],[17.307811,45.171404],[17.268951,45.189543]],[[17.268951,45.189543],[17.249727,45.15988],[17.24549,45.155384],[17.197844,45.152956],[17.187095,45.148563]],[[17.835738,45.064434],[17.815584,45.07017],[17.797497,45.081952],[17.741377,45.133267],[17.714505,45.152025],[17.684739,45.163963],[17.651563,45.165358]],[[17.651563,45.165358],[17.629962,45.157348],[17.593065,45.129598],[17.572395,45.120399],[17.561439,45.119366]],[[17.46036,45.131252],[17.447751,45.1343],[17.454986,45.140605],[17.458086,45.146134],[17.45695,45.151819],[17.451162,45.158485],[17.443307,45.162051]],[[17.443307,45.162051],[17.438759,45.158123],[17.436176,45.151922],[17.434109,45.148563],[17.400829,45.141018],[17.382432,45.139623]],[[18.541121,45.055287],[18.51704,45.055856],[18.490788,45.06278],[18.481708,45.066921],[18.466087,45.074046],[18.451842,45.08495],[18.45183,45.084959],[18.429293,45.102209],[18.412033,45.112441],[18.392913,45.118642],[18.322323,45.12288],[18.30744,45.127531],[18.261965,45.150682],[18.237884,45.157451]],[[18.237884,45.157451],[18.213286,45.153782],[18.20233,45.144067],[18.200057,45.131613],[18.199333,45.119004],[18.192512,45.108514],[18.174942,45.100762],[18.153651,45.097558]],[[18.153651,45.097558],[18.143704,45.0977],[18.143698,45.0977],[18.131844,45.097869],[18.112413,45.100607],[18.090296,45.107997],[18.035002,45.143344],[18.019086,45.149442]],[[18.019086,45.149442],[18.003479,45.149338],[17.988493,45.143809],[17.927722,45.092029],[17.911185,45.081074],[17.902607,45.077766],[17.875219,45.073994],[17.84566,45.065261],[17.835738,45.064434]],[[17.481858,45.114405],[17.487025,45.120865],[17.496224,45.14169]],[[17.496224,45.14169],[17.472349,45.13275],[17.46036,45.131252]],[[17.561439,45.119366],[17.539528,45.120968]],[[17.539528,45.120968],[17.489299,45.116265],[17.481858,45.114405]],[[18.648711,45.062677],[18.640547,45.065364],[18.633622,45.071979],[18.627937,45.08004],[18.621116,45.093114],[18.616672,45.097662],[18.609127,45.100091]],[[18.609127,45.100091],[18.602513,45.099264],[18.58856,45.093218],[18.581842,45.091357]],[[18.581842,45.091357],[18.573781,45.091564],[18.557658,45.094406],[18.549596,45.094768]],[[18.549596,45.094768],[18.53492,45.090427],[18.534803,45.088412],[18.534403,45.081539],[18.539261,45.069343],[18.541121,45.055287]],[[18.889627,44.86119],[18.858724,44.868529],[18.842144,44.876233],[18.842129,44.876239],[18.817797,44.887545],[18.78338,44.913745],[18.772631,44.942478],[18.779866,44.952244],[18.80157,44.963975],[18.804568,44.973845],[18.803017,44.977307],[18.797953,44.982217],[18.795783,44.985059],[18.795162,44.988004],[18.795162,44.993327],[18.794646,44.995446],[18.791752,45.001544],[18.788961,45.005729],[18.78493,45.008468],[18.778006,45.010329],[18.750101,45.012241],[18.738318,45.01591],[18.726329,45.026142],[18.689019,45.080247],[18.684058,45.084794],[18.678167,45.087378]],[[18.678167,45.087378],[18.671346,45.086861],[18.666075,45.082986],[18.663284,45.077146],[18.661217,45.0711],[18.658116,45.066294],[18.648711,45.062677]],[[19.015821,44.865635],[19.004969,44.863309],[18.889627,44.86119]],[[15.876271,44.724816],[15.888776,44.724248],[15.895598,44.718564],[15.899318,44.70921],[15.902006,44.698823],[15.905416,44.690141],[15.913064,44.684509]],[[15.805681,44.696653],[15.820357,44.698255],[15.829969,44.700528],[15.847849,44.70151],[15.856427,44.703577],[15.863868,44.709985],[15.869243,44.718564],[15.876271,44.724816]],[[15.929808,44.68947],[15.937352,44.688953],[15.948101,44.678101],[15.955646,44.653193],[15.968978,44.63924],[15.979107,44.634383],[15.991613,44.631437],[16.016004,44.628957],[16.028303,44.624719],[16.036158,44.615314],[16.041119,44.602808],[16.044736,44.589372],[16.043186,44.588442],[16.034917,44.585393],[16.030473,44.572216],[16.013937,44.557023],[16.006082,44.541003],[16.026649,44.52519],[16.04732,44.52333]],[[15.913064,44.684509],[15.921539,44.686111],[15.929808,44.68947]],[[16.0837,44.534905],[16.104887,44.532373],[16.116463,44.52147],[16.123077,44.5039],[16.128348,44.484314],[16.152946,44.435067],[16.159664,44.416101],[16.159871,44.400702],[16.153877,44.39357],[16.145402,44.389591],[16.138787,44.385406],[16.13827,44.377602]],[[16.04732,44.52333],[16.0837,44.534905]],[[16.141991,44.380755],[16.153153,44.380445],[16.171343,44.377086],[16.192117,44.367422],[16.202866,44.359774],[16.205644,44.350531],[16.205863,44.349801],[16.203176,44.333057],[16.199662,44.324686],[16.189533,44.308511],[16.186639,44.297607],[16.18757,44.282414],[16.197078,44.25115],[16.215785,44.208155],[16.232115,44.190999],[16.275523,44.157357],[16.289992,44.139116],[16.312213,44.099997],[16.326889,44.082375],[16.346113,44.068474],[16.357378,44.062169],[16.367197,44.058139],[16.377946,44.057364]],[[16.13827,44.377602],[16.141991,44.380755]],[[16.403991,44.058759],[16.414016,44.055813],[16.426935,44.040517],[16.431482,44.025789],[16.439647,44.014007],[16.483469,44.002535],[16.501039,43.992716],[16.516542,43.979539],[16.527447,43.967859],[16.555816,43.937474],[16.604805,43.901068],[16.637361,43.868409],[16.678599,43.840684],[16.686144,43.826137],[16.689761,43.809317],[16.698236,43.788078],[16.712602,43.771515],[16.82381,43.707307],[16.98194,43.589692],[17.030516,43.54848],[17.062314,43.527747],[17.084569,43.513237],[17.142757,43.489336],[17.239495,43.478407],[17.270501,43.463214],[17.286417,43.437376],[17.267607,43.353324],[17.289931,43.30343],[17.328689,43.260358],[17.36941,43.232556],[17.389667,43.223099],[17.400209,43.216045],[17.406823,43.205426],[17.415195,43.184962],[17.42677,43.165713],[17.442067,43.152432],[17.450913,43.148152],[17.587381,43.082126],[17.598026,43.072902],[17.628412,43.046573],[17.659004,42.993656],[17.659108,42.99363],[17.659211,42.993449],[17.659314,42.993398],[17.662725,42.965699],[17.63451,42.950403],[17.580679,42.942075]],[[16.377946,44.057364],[16.403991,44.058759]]]}},{"type":"Feature","properties":{},"geometry":{"type":"MultiLineString","coordinates":[[[19.201856,44.908371],[19.196895,44.913177],[19.193174,44.921549],[19.18687,44.927543]],[[19.18687,44.927543],[19.174261,44.925424],[19.08455,44.878967],[19.068427,44.874833],[19.047757,44.872714],[19.015821,44.865635]],[[19.283815,44.908371],[19.239476,44.915141]],[[19.239476,44.915141],[19.229554,44.913745],[19.211881,44.908371],[19.201856,44.908371]],[[19.340142,44.896227],[19.33022,44.898708],[19.31017,44.91235]],[[19.31017,44.91235],[19.301281,44.91235],[19.293013,44.909405],[19.283815,44.908371]],[[19.263661,44.270167],[19.249502,44.270736],[19.240717,44.272699],[19.220046,44.280244],[19.177155,44.286962],[19.157001,44.293577],[19.138914,44.309338],[19.116693,44.343703],[19.108942,44.36365],[19.107185,44.382718],[19.115763,44.403596],[19.129612,44.416153],[19.141394,44.430829],[19.143358,44.458218],[19.127339,44.502556],[19.129922,44.518317],[19.165269,44.526689],[19.173124,44.531443],[19.179635,44.538264],[19.185319,44.546223],[19.187283,44.553302],[19.18625,44.569322],[19.188317,44.57604],[19.193278,44.580587],[19.20413,44.585135],[19.208677,44.588391],[19.255703,44.645648],[19.270069,44.67562],[19.277614,44.684871],[19.288259,44.693035],[19.308413,44.705128],[19.318025,44.715463],[19.32836,44.733963],[19.363707,44.854628],[19.367841,44.859278],[19.373112,44.86026],[19.376626,44.862999],[19.375695,44.873128],[19.372802,44.881448],[19.368667,44.887132],[19.362776,44.891111],[19.356993,44.895869],[19.356982,44.895877],[19.353165,44.899018]],[[19.353165,44.899018],[19.352958,44.898087],[19.350271,44.897002],[19.340142,44.896227]],[[19.442565,44.143198],[19.435537,44.146092],[19.424891,44.153792],[19.381173,44.177098],[19.362363,44.191206],[19.356058,44.204021],[19.353991,44.22433],[19.341589,44.245828],[19.324329,44.263966],[19.307379,44.274198],[19.295907,44.2758]],[[19.295907,44.2758],[19.263661,44.270167]],[[19.580231,44.051524],[19.570929,44.056898],[19.554599,44.071265],[19.522043,44.08501],[19.516189,44.091194],[19.498169,44.110229],[19.482666,44.120667],[19.476361,44.127023],[19.474191,44.144903],[19.465716,44.15281]],[[19.465716,44.15281],[19.459721,44.152707],[19.448456,44.144438],[19.442565,44.143198]],[[19.50406,43.975663],[19.528554,43.977213],[19.552222,43.983415],[19.593357,44.005584],[19.61041,44.019278],[19.618885,44.035711],[19.611443,44.054521],[19.598938,44.062583]],[[19.598938,44.062583],[19.589946,44.060309],[19.583848,44.054315],[19.580231,44.051524]],[[19.287329,44.013025],[19.300558,44.009511],[19.325879,43.996592],[19.351718,43.979125],[19.364637,43.973286]],[[19.481735,43.560831],[19.48959,43.564448],[19.491761,43.568608],[19.48897,43.573181],[19.481735,43.578116],[19.476878,43.588684],[19.475638,43.602559],[19.477498,43.616977],[19.481735,43.628914],[19.507367,43.647182],[19.505713,43.67364],[19.481735,43.729218],[19.461685,43.762136],[19.359469,43.842209],[19.305932,43.904737],[19.275443,43.933263],[19.241027,43.952357],[19.229348,43.95768],[19.240717,43.965741],[19.242887,43.972821],[19.238133,43.985378],[19.238029,43.99251],[19.243507,44.002018],[19.252085,44.007496],[19.272756,44.012405],[19.287329,44.013025]],[[19.447112,43.979797],[19.50406,43.975663]],[[19.364637,43.973286],[19.379106,43.973854],[19.393989,43.977058],[19.447112,43.979797]],[[19.34655,43.608838],[19.363396,43.601577],[19.38045,43.585584],[19.394609,43.566463],[19.402877,43.549643],[19.410732,43.540754]],[[19.289189,43.587935],[19.300868,43.588297],[19.31265,43.593154],[19.335801,43.606513],[19.34655,43.608838]],[[19.263661,43.590958],[19.289189,43.587935]],[[19.195345,43.532796],[19.217462,43.532796],[19.229451,43.549746],[19.238856,43.572122],[19.252706,43.588633],[19.263661,43.590958]],[[19.443908,43.571864],[19.481735,43.560831]],[[19.410732,43.540754],[19.41931,43.549255],[19.431816,43.57114],[19.443908,43.571864]]]}},{"type":"Feature","properties":{},"geometry":{"type":"LineString","coordinates":[[18.901306,45.931203],[18.90699,45.9157],[18.889834,45.907897],[18.881979,45.902626],[18.872884,45.895236],[18.893451,45.883867],[18.903993,45.875702],[18.90699,45.867951],[18.899755,45.861388],[18.887146,45.859476],[18.855314,45.857357],[18.85242,45.830072],[18.850353,45.824232],[18.846735,45.819995],[18.844978,45.815706],[18.848699,45.809556],[18.863995,45.798549],[18.871127,45.789971],[18.900169,45.764908],[18.90482,45.749767],[18.908954,45.719433],[18.917325,45.706565],[18.931071,45.698917],[18.948125,45.692044],[18.962697,45.683052],[18.968485,45.668738],[18.962904,45.660108],[18.935412,45.633391],[18.924457,45.627707],[18.912365,45.619232],[18.90823,45.600422],[18.90699,45.581663],[18.90358,45.573085],[18.912054,45.568227],[18.932002,45.545541],[18.941717,45.538927],[18.960217,45.539134],[18.973136,45.546265],[18.983161,45.55474],[19.000628,45.561199],[19.009206,45.565489],[19.018095,45.567401],[19.02719,45.562595],[19.033391,45.554637],[19.036491,45.549469],[19.040936,45.545025],[19.050961,45.538927],[19.067807,45.533398],[19.082277,45.531175],[19.095092,45.526059],[19.106255,45.511642],[19.077212,45.491643],[19.017926,45.497807],[19.00962,45.498671],[18.99639,45.473815],[18.997144,45.455517],[19.002282,45.443686],[19.016433,45.433558],[19.031319,45.416201],[19.02262,45.402392],[18.997352,45.399775],[18.975527,45.39113],[18.977491,45.371209],[18.995688,45.36226],[18.996434,45.362088],[19.007523,45.359534]]}},{"type":"Feature","properties":{},"geometry":{"type":"LineString","coordinates":[[17.148338,48.005443],[17.12498,48.019525],[17.092631,48.02725],[17.069686,48.035674],[17.075061,48.052081],[17.063072,48.058773],[17.059144,48.060427],[17.064829,48.07903],[17.069996,48.089159],[17.080228,48.097608],[17.067206,48.106936],[17.062455,48.112724],[17.047465,48.130991],[17.036923,48.135513],[17.020904,48.137166],[17.007158,48.142799],[16.98194,48.161299],[16.974808,48.17688],[16.974705,48.198558],[16.969951,48.216645],[16.954345,48.25256],[16.953931,48.25734],[16.955275,48.268786],[16.954345,48.273127],[16.950624,48.276589],[16.944423,48.27801],[16.933364,48.284728],[16.924269,48.287519],[16.916621,48.2908],[16.913313,48.296691],[16.912073,48.301239],[16.908869,48.306975],[16.905459,48.311988],[16.902771,48.314106],[16.898431,48.316173],[16.900291,48.321238],[16.904218,48.327025],[16.906492,48.33147],[16.901945,48.339402],[16.891713,48.347024],[16.881171,48.352812],[16.875486,48.355034],[16.855332,48.356455],[16.847581,48.359582],[16.84448,48.365602],[16.845101,48.376583],[16.846858,48.381131],[16.849338,48.384102],[16.851922,48.390407],[16.86081,48.443788],[16.864944,48.458077],[16.875073,48.471539],[16.901221,48.496602],[16.906492,48.509908],[16.913934,48.519339],[16.93047,48.528202],[16.946903,48.539726],[16.949055,48.544836],[16.954345,48.557399],[16.945043,48.604166]]}},{"type":"Feature","properties":{},"geometry":{"type":"MultiLineString","coordinates":[[[18.704522,49.479255],[18.732531,49.480288],[18.773562,49.504886],[18.792269,49.509537],[18.833196,49.510261]],[[18.635896,49.496721],[18.64282,49.495791],[18.675583,49.485043],[18.704522,49.479255]],[[18.600446,49.485973],[18.628971,49.495791],[18.635896,49.496721]],[[18.556211,49.490159],[18.600446,49.485973]],[[18.416788,49.385462],[18.439215,49.395074],[18.481797,49.429077],[18.514663,49.440601],[18.522931,49.446079],[18.527995,49.454864],[18.530476,49.473467],[18.535643,49.481684],[18.556211,49.490159]],[[18.387642,49.389751],[18.416788,49.385462]],[[18.012885,49.019128],[18.046061,49.029153],[18.075516,49.047188],[18.09629,49.070288],[18.102905,49.09225],[18.10163,49.136928],[18.101458,49.142945],[18.105075,49.169765],[18.117788,49.202579],[18.136495,49.233068],[18.160576,49.2587],[18.190031,49.276942],[18.324597,49.311255],[18.361586,49.330191],[18.385162,49.342261],[18.387642,49.389751]],[[17.959244,49.021867],[18.012885,49.019128]],[[17.841215,48.920994],[17.860336,48.921718],[17.878733,48.933552],[17.886897,48.947246],[17.894649,48.9782],[17.90085,48.993031],[17.914079,49.010498],[17.93506,49.019386],[17.959244,49.021867]],[[17.820131,48.923371],[17.841215,48.920994]],[[17.535084,48.812991],[17.727217,48.86291],[17.744891,48.872574],[17.77941,48.911744],[17.795533,48.920581],[17.820131,48.923371]],[[17.21221,48.866062],[17.260269,48.857794],[17.374371,48.819605]],[[16.945043,48.604166],[16.947523,48.623157],[16.963336,48.635947],[16.974808,48.649874],[17.025348,48.746328],[17.049946,48.774027],[17.084362,48.793715],[17.098728,48.805756],[17.10462,48.824618],[17.113715,48.83392],[17.167458,48.859758],[17.21221,48.866062]],[[17.453332,48.842756],[17.467905,48.838105],[17.498497,48.816763],[17.535084,48.812991]],[[17.374371,48.819605],[17.391734,48.821776],[17.411225,48.830216],[17.429561,48.838157],[17.453332,48.842756]]]}},{"type":"Feature","properties":{},"geometry":{"type":"MultiLineString","coordinates":[[[20.800311,48.569233],[20.815814,48.563807],[20.845477,48.545823],[20.859946,48.543317],[20.891365,48.541095],[20.945832,48.518978],[20.981489,48.516859]],[[20.272385,48.252456],[20.295226,48.260415],[20.324268,48.279948],[20.349279,48.305476],[20.370157,48.334338],[20.409017,48.413713],[20.420593,48.429241],[20.435579,48.442393],[20.465968,48.46379],[20.468239,48.465389],[20.481674,48.478747],[20.482501,48.482261],[20.482915,48.485827],[20.482811,48.489367],[20.482191,48.492881],[20.480227,48.510218],[20.480538,48.518538],[20.481674,48.526083],[20.51051,48.533783],[20.572522,48.536573],[20.784085,48.569052],[20.800311,48.569233]],[[21.424563,48.561275],[21.439135,48.558329],[21.472725,48.544997],[21.490812,48.540268],[21.49939,48.535075],[21.506005,48.526496],[21.5151,48.507118],[21.521818,48.50009],[21.537734,48.495232]],[[21.261782,48.50319],[21.276561,48.50872],[21.28824,48.519934],[21.293925,48.530579],[21.302296,48.539907],[21.32183,48.54758],[21.338573,48.549854],[21.372679,48.550345],[21.424563,48.561275]],[[21.219924,48.518719],[21.238011,48.513448],[21.250413,48.506498],[21.261782,48.50319]],[[21.109336,48.489109],[21.186748,48.513707],[21.219924,48.518719]],[[21.0065,48.518151],[21.035956,48.514637],[21.063861,48.506239],[21.084015,48.49301],[21.109336,48.489109]],[[20.981489,48.516859],[21.0065,48.518151]],[[21.574631,48.495568],[21.591684,48.49301],[21.600366,48.481641],[21.613388,48.440352],[21.621553,48.429655],[21.67757,48.372346],[21.701238,48.353949],[21.727697,48.340901],[21.759012,48.333769]],[[21.537734,48.495232],[21.574631,48.495568]],[[22.077856,48.375808],[22.09646,48.379425],[22.113926,48.38865],[22.13284,48.404798]],[[22.018015,48.379735],[22.077856,48.375808]],[[21.759012,48.333769],[21.789398,48.335526],[21.841178,48.353174],[21.884276,48.357463],[21.914765,48.36909],[21.929338,48.372914],[21.981531,48.374723],[21.999928,48.37896],[22.018015,48.379735]],[[20.22908,48.270905],[20.249027,48.264187],[20.260293,48.255893],[20.272385,48.252456]],[[20.170892,48.244033],[20.187636,48.248994],[20.217815,48.267598],[20.22908,48.270905]],[[20.14309,48.247805],[20.153322,48.245273],[20.170892,48.244033]],[[19.905069,48.124299],[19.928633,48.130087],[19.973902,48.158379],[19.99695,48.167914],[20.034983,48.175872],[20.038303,48.177233],[20.078082,48.193545],[20.096995,48.198429],[20.105263,48.202795],[20.112601,48.211735],[20.118079,48.229719],[20.122006,48.236747],[20.134512,48.246669],[20.14309,48.247805]],[[19.623226,48.227006],[19.633871,48.226773],[19.643896,48.224809],[19.655265,48.21835],[19.676969,48.200392],[19.686994,48.196904]],[[19.428199,48.085852],[19.481735,48.111328],[19.483286,48.116496],[19.483803,48.121767],[19.483286,48.127193],[19.481735,48.13267],[19.481425,48.133342],[19.481219,48.133962],[19.481425,48.134427],[19.481735,48.134892],[19.493621,48.150705],[19.503026,48.189411],[19.513982,48.203958],[19.531241,48.21065],[19.623226,48.227006]],[[19.73309,48.202899],[19.756551,48.200315],[19.774327,48.185897],[19.774844,48.176079],[19.76916,48.167449],[19.766679,48.159],[19.776084,48.149517],[19.785593,48.14869]],[[19.686994,48.196904],[19.73309,48.202899]],[[19.821663,48.157914],[19.846261,48.152669],[19.884295,48.129621],[19.905069,48.124299]],[[19.785593,48.14869],[19.821663,48.157914]],[[19.29322,48.087764],[19.428199,48.085852]],[[19.222526,48.060582],[19.233482,48.06208],[19.29322,48.087764]],[[19.098503,48.070736],[19.222526,48.060582]],[[19.038662,48.064871],[19.098503,48.070736]],[[18.996494,48.066214],[19.019017,48.065497],[19.038662,48.064871]],[[18.663698,47.775896],[18.692843,47.777963],[18.717234,47.788118],[18.750307,47.81362],[18.767671,47.822302],[18.790305,47.826332],[18.814916,47.832194],[18.816453,47.83256],[18.778006,47.851447],[18.748757,47.870723],[18.742246,47.889455],[18.744726,47.910513],[18.754751,47.951803],[18.751444,47.963353],[18.744519,47.967357],[18.743176,47.971052],[18.756198,47.981827],[18.765293,47.985393],[18.784724,47.987615],[18.794232,47.993144],[18.821001,48.030454],[18.838467,48.040015],[18.933595,48.054349],[18.981818,48.061615],[18.996494,48.066214]],[[17.184821,48.020274],[17.220892,48.015055],[17.262316,48.007283],[17.272671,48.00534],[17.337887,47.998725],[17.36941,47.981207],[17.472039,47.888809],[17.481858,47.882711],[17.492193,47.879818],[17.517308,47.876252],[17.526609,47.872118],[17.560406,47.837986],[17.572601,47.829536]],[[17.148338,48.005443],[17.184821,48.020274]],[[17.604227,47.834239],[17.61911,47.829226],[17.639884,47.819201],[17.658384,47.807316],[17.666239,47.797032],[17.676678,47.789177],[17.719245,47.773669],[17.741997,47.76538],[17.825713,47.750006]],[[17.572601,47.829536],[17.582937,47.829795],[17.592962,47.833102],[17.604227,47.834239]],[[18.552593,47.792846],[18.597448,47.79065],[18.633829,47.779824],[18.663698,47.775896]],[[18.23592,47.753882],[18.273024,47.756259],[18.347851,47.776775],[18.552593,47.792846]],[[18.11262,47.762486],[18.23592,47.753882]],[[17.825713,47.750006],[17.883532,47.752521],[18.11262,47.762486]]]}},{"type":"Feature","properties":{},"geometry":{"type":"LineString","coordinates":[[14.810393,50.858447],[14.810496,50.877051],[14.824655,50.89183],[14.860209,50.916842],[14.910645,50.992651],[14.955293,51.064042],[14.958291,51.075514],[14.958497,51.094738],[14.960254,51.104582],[14.965629,51.111507],[14.97338,51.116132],[14.979995,51.122798],[14.982062,51.13564],[14.983199,51.160909],[14.991364,51.18897],[15.004903,51.215609],[15.022059,51.23677],[15.017925,51.239561],[15.014308,51.242661],[15.019476,51.271678],[15.004903,51.291289],[14.982269,51.308006],[14.963768,51.328393],[14.960978,51.335291],[14.956637,51.353223],[14.956637,51.354153],[14.950648,51.396539],[14.946922,51.422909],[14.955397,51.435415],[14.945061,51.449186],[14.926561,51.46133],[14.910955,51.468978],[14.888321,51.475748],[14.841399,51.48443],[14.818558,51.492595],[14.818558,51.492698],[14.797474,51.502103],[14.732155,51.515823],[14.710037,51.530241],[14.70677,51.540828],[14.704559,51.547992],[14.712724,51.567422],[14.732155,51.58662],[14.743937,51.606644],[14.742283,51.632974],[14.732465,51.658347],[14.719546,51.675632],[14.67097,51.700773],[14.648439,51.717206],[14.638103,51.742631],[14.634176,51.769012],[14.620327,51.780536],[14.60224,51.788313],[14.585807,51.803893],[14.58281,51.825081],[14.595936,51.842418],[14.653296,51.878617],[14.671693,51.893888],[14.687093,51.911897],[14.695568,51.931457],[14.699082,51.992512],[14.704456,52.002227],[14.726057,52.026438],[14.730294,52.035895],[14.732155,52.045067],[14.735359,52.054033],[14.743007,52.062534],[14.761403,52.076667],[14.696394,52.106691],[14.686369,52.121032],[14.692467,52.146973],[14.703216,52.165163],[14.70704,52.179452],[14.69257,52.193379],[14.69257,52.19958],[14.712104,52.215444],[14.712414,52.235908],[14.696911,52.253478],[14.668903,52.260997],[14.640481,52.265054],[14.606581,52.275751],[14.584153,52.291228],[14.590148,52.309418],[14.569167,52.338512],[14.545396,52.382153],[14.539815,52.421866],[14.591595,52.449797],[14.615779,52.473284],[14.632316,52.496745],[14.627665,52.507416],[14.609061,52.517803],[14.616813,52.541032],[14.644821,52.576921],[14.613712,52.592527],[14.607965,52.596463],[14.549943,52.636194],[14.490102,52.650638],[14.46137,52.674564],[14.442353,52.679964],[14.431915,52.686088],[14.397705,52.727119],[14.382202,52.738152],[14.275955,52.78572],[14.24867,52.794582],[14.21601,52.817992],[14.19596,52.823366],[14.173739,52.824348],[14.152758,52.828327],[14.135395,52.836595],[14.123923,52.850651],[14.150485,52.86463],[14.16082,52.876748],[14.164954,52.895661],[14.16268,52.908167],[14.150485,52.943643],[14.14449,52.953694],[14.14449,52.959921],[14.192859,52.981651],[14.253734,53.000875],[14.312645,53.029219],[14.343341,53.048624],[14.356777,53.066684],[14.359568,53.075056],[14.38954,53.131668],[14.387473,53.146137],[14.381478,53.160296],[14.377861,53.176549],[14.380651,53.189855],[14.387783,53.202077],[14.397705,53.210991],[14.408247,53.214402],[14.415585,53.22099],[14.44163,53.251841],[14.428607,53.259076],[14.42468,53.264657],[14.409384,53.272434],[14.403286,53.27879],[14.400185,53.288609],[14.399565,53.306747],[14.398015,53.315222],[14.391261,53.334017],[14.370316,53.392298],[14.359878,53.444077],[14.338897,53.465213],[14.328458,53.48609],[14.30417,53.508518],[14.296936,53.529137],[14.296212,53.551306],[14.298899,53.587893],[14.297039,53.597763],[14.276058,53.636624],[14.260969,53.656209],[14.265103,53.671764],[14.263863,53.699876],[14.263901,53.699976]]}},{"type":"Feature","properties":{},"geometry":{"type":"MultiLineString","coordinates":[[[22.25676,48.357282],[22.256967,48.373224],[22.271849,48.403455],[22.236089,48.415289],[22.201983,48.418157]],[[22.201983,48.418157],[22.16922,48.409527],[22.159298,48.402318],[22.158315,48.402227],[22.158263,48.402222],[22.156508,48.40206]],[[22.156508,48.40206],[22.13284,48.404798]],[[22.370861,48.237393],[22.363627,48.23871],[22.357116,48.243103],[22.308126,48.293694],[22.297378,48.314003],[22.296447,48.327801],[22.298721,48.339324],[22.298721,48.349143],[22.29128,48.357566],[22.284355,48.358393]],[[22.284355,48.358393],[22.25676,48.357282]],[[22.434217,48.236747],[22.418404,48.238969],[22.398767,48.244343],[22.394529,48.244757]],[[22.394529,48.244757],[22.390498,48.244343],[22.386468,48.243051],[22.378613,48.238865],[22.370861,48.237393]],[[22.608056,48.096833],[22.605472,48.097039],[22.600098,48.101122],[22.583045,48.124816],[22.568886,48.156519],[22.55576,48.177164],[22.481449,48.242586],[22.477418,48.24393],[22.473284,48.244498]],[[22.473284,48.244498],[22.469047,48.244136],[22.44972,48.237677],[22.434217,48.236747]],[[22.877601,47.946739],[22.840807,47.966789],[22.832435,47.978933],[22.849489,47.993144],[22.851349,48.008802],[22.857964,48.018026],[22.861581,48.028387],[22.85476,48.047301],[22.844321,48.061047],[22.830988,48.072442],[22.801429,48.090968],[22.765566,48.104533],[22.762052,48.109261],[22.745722,48.116289]],[[22.745722,48.116289],[22.728566,48.113137],[22.711616,48.105824],[22.693219,48.101768],[22.621182,48.101768],[22.608056,48.096833]]]}},{"type":"Feature","properties":{},"geometry":{"type":"MultiLineString","coordinates":[[[22.69164,44.228435],[22.906436,44.122889],[22.942609,44.111469],[22.988085,44.107025],[23.008307,44.100446],[23.030976,44.093072],[23.040071,44.062325],[23.023018,44.031629],[22.988085,44.017676],[22.966277,44.015557],[22.926486,44.006152],[22.905816,44.003982],[22.885869,43.994525],[22.874707,43.972046],[22.850522,43.896986],[22.851039,43.874352],[22.863441,43.855412],[22.888763,43.839522],[22.919562,43.834225]],[[27.027476,44.177046],[27.100237,44.14449],[27.205553,44.129246],[27.226741,44.120719]],[[25.533821,43.668679],[25.556558,43.670359],[25.575059,43.677387],[25.593869,43.680668],[25.616503,43.687748],[25.637897,43.697282],[25.653503,43.708134],[25.671384,43.717359],[25.732948,43.718781],[25.739596,43.718935],[25.781144,43.732009],[25.804399,43.759914],[25.806259,43.763661],[25.839332,43.788439],[25.869304,43.800893],[25.916433,43.844379],[25.924495,43.858616],[25.934003,43.870321],[26.054306,43.934322],[26.061644,43.949773],[26.079317,43.969049],[26.116214,43.998866],[26.150734,44.012405],[26.231453,44.027495],[26.310518,44.052609],[26.332335,44.054926],[26.415791,44.063789],[26.614168,44.084855],[26.647758,44.093382],[26.667808,44.095087],[26.677317,44.097051],[26.697212,44.106094],[26.708685,44.10811],[26.753695,44.10811],[26.789455,44.115965],[26.884126,44.156531],[27.001535,44.165109],[27.027476,44.177046]],[[27.251132,44.122373],[27.252662,44.121519],[27.269012,44.112399],[27.26431,44.089765],[27.285342,44.072453],[27.341669,44.053074],[27.353555,44.045271],[27.372882,44.020725],[27.383837,44.015092]],[[27.226741,44.120719],[27.251132,44.122373]],[[27.633434,44.029768],[27.656275,44.023877],[27.676119,43.993543],[27.682515,43.987256],[27.721698,43.94874]],[[27.383837,44.015092],[27.574523,44.016281],[27.633434,44.029768]],[[27.912074,43.993336],[27.912074,43.993233],[27.935845,43.964398],[27.98101,43.84934],[28.014806,43.830039],[28.221254,43.761981],[28.434574,43.735213]],[[27.721698,43.94874],[27.787327,43.960419],[27.85647,43.988634],[27.912074,43.993336]],[[23.325151,43.886592],[23.484695,43.880604],[23.592699,43.837429],[23.620854,43.83401],[23.636107,43.832158]],[[22.919562,43.834225],[23.052551,43.84282],[23.131849,43.847945],[23.161924,43.857324],[23.196961,43.86275],[23.234478,43.877297],[23.325151,43.886592]],[[23.720753,43.845826],[23.742871,43.8427],[23.799922,43.818463],[24.149606,43.75472],[24.159383,43.752938]],[[23.636107,43.832158],[23.720753,43.845826]],[[24.466341,43.802418],[24.500137,43.799498],[24.661763,43.755657],[24.705603,43.743765],[24.752628,43.738804]],[[24.159383,43.752938],[24.336705,43.759251],[24.358234,43.760017],[24.375494,43.763867],[24.431201,43.794176],[24.466341,43.802418]],[[24.963675,43.749605],[25.0816,43.718935],[25.211308,43.711881],[25.252339,43.704646],[25.285405,43.690391],[25.28872,43.688962],[25.323033,43.669713],[25.35962,43.654287],[25.403131,43.65005]],[[24.752628,43.738804],[24.963675,43.749605]],[[28.434574,43.735213],[28.57838,43.741278]],[[25.488759,43.67054],[25.533821,43.668679]],[[25.403131,43.65005],[25.426075,43.654391],[25.467417,43.667749],[25.48245,43.669715],[25.488759,43.67054]]]}},{"type":"Feature","properties":{},"geometry":{"type":"MultiLineString","coordinates":[[[20.242826,46.108091],[20.305665,46.053572],[20.317653,46.038586],[20.338634,45.992801],[20.35393,45.976678],[20.370984,45.96779],[20.410258,45.955594],[20.429068,45.946706],[20.481674,45.912703],[20.499865,45.906656],[20.538002,45.903711],[20.556709,45.89844],[20.572108,45.887691],[20.605284,45.846143],[20.612312,45.841492],[20.629676,45.833276],[20.636704,45.827023],[20.640114,45.818703],[20.642285,45.798343],[20.64349,45.795141],[20.645902,45.788731],[20.655617,45.77731],[20.678562,45.75664],[20.68807,45.7431],[20.700059,45.735401],[20.713392,45.733334]],[[20.765171,45.766768],[20.77747,45.762324],[20.785739,45.752557],[20.785532,45.743411],[20.781604,45.733954],[20.779124,45.72367],[20.779951,45.671684],[20.777264,45.657524],[20.773233,45.648894],[20.762174,45.630601],[20.754423,45.605589],[20.75804,45.58926],[20.787392,45.553655],[20.800208,45.530504],[20.797624,45.516499],[20.783155,45.506061],[20.760727,45.493348],[20.767135,45.479344],[20.781604,45.472574],[20.799484,45.468544],[20.816021,45.462859],[20.830387,45.452524],[20.863047,45.418728],[20.927642,45.37749],[20.966193,45.341575],[20.981489,45.33279],[21.016668,45.321482],[21.063964,45.30628],[21.0743,45.300544],[21.082775,45.293671],[21.09156,45.288089],[21.103342,45.286074]],[[20.713392,45.733334],[20.726827,45.736176],[20.739436,45.743411],[20.745328,45.754986],[20.754113,45.763564],[20.765171,45.766768]],[[21.139412,45.303696],[21.155638,45.295169],[21.189745,45.259564],[21.206075,45.245922],[21.239251,45.229385],[21.257131,45.224114],[21.299299,45.223184],[21.405546,45.199671],[21.433761,45.188819],[21.459393,45.17404],[21.484388,45.152702],[21.493292,45.145101],[21.49784,45.131872],[21.494119,45.119314],[21.48151,45.111563],[21.469004,45.111046],[21.458566,45.107325],[21.449987,45.101021],[21.442443,45.092908],[21.443786,45.091461],[21.444406,45.08526],[21.444406,45.07787],[21.443786,45.072909],[21.440996,45.068723],[21.432521,45.061488],[21.429524,45.057303],[21.425596,45.043247],[21.425079,45.036219],[21.421875,45.031413],[21.409266,45.023971],[21.398828,45.021387],[21.3733,45.020096],[21.363378,45.01653],[21.356143,45.008572],[21.351389,44.998236],[21.353456,44.989813],[21.366995,44.987281],[21.383945,44.986661],[21.387046,44.981545],[21.384565,44.97493],[21.385185,44.969504],[21.40844,44.958342],[21.456499,44.952348],[21.48151,44.943563],[21.51634,44.933899],[21.531016,44.924649],[21.539078,44.908474],[21.536287,44.889302],[21.522128,44.880776],[21.48151,44.872611],[21.453398,44.869562]],[[21.103342,45.286074],[21.113057,45.28933],[21.12918,45.301887],[21.139412,45.303696]],[[21.453398,44.869562],[21.395314,44.871629]],[[21.395314,44.871629],[21.368545,44.86486],[21.355523,44.856591],[21.346428,44.845636],[21.342811,44.831942],[21.3598,44.826657],[21.359841,44.826644],[21.360587,44.826412],[21.378571,44.816645],[21.395934,44.790239],[21.41216,44.784813],[21.49722,44.778043]],[[21.558405,44.78166],[21.578042,44.777681],[21.595612,44.765951],[21.604293,44.749983],[21.610288,44.731948],[21.619693,44.713913],[21.65628,44.687661],[21.705166,44.677067]],[[21.49722,44.778043],[21.558405,44.78166]],[[22.426052,44.733653],[22.450547,44.732981],[22.468943,44.730191],[22.483723,44.72399],[22.553279,44.669161],[22.587489,44.649369],[22.621182,44.637432],[22.700144,44.63061],[22.714716,44.623065],[22.765153,44.58281],[22.759262,44.564671],[22.741692,44.551855],[22.719367,44.544362],[22.700144,44.54183]],[[22.148239,44.500902],[22.172114,44.505347],[22.185136,44.515113],[22.299031,44.661668],[22.304922,44.677377],[22.319702,44.685336],[22.361146,44.692054],[22.38068,44.700528],[22.41551,44.727814],[22.426052,44.733653]],[[21.855441,44.698461],[21.871977,44.695981],[21.962411,44.662288],[21.994347,44.658567],[22.004269,44.651539],[22.032174,44.603325],[22.034243,44.596168],[22.036174,44.589489],[22.039822,44.576867],[22.045197,44.569219],[22.055739,44.562139],[22.067107,44.55723],[22.076306,44.550718],[22.086951,44.52178],[22.104314,44.509636],[22.126639,44.502659],[22.148239,44.500902]],[[21.705166,44.677067],[21.756842,44.677274],[21.801697,44.683889],[21.838284,44.695206],[21.855441,44.698461]],[[22.700144,44.54183],[22.678543,44.545551],[22.642163,44.563121],[22.621182,44.569219],[22.600305,44.569787]],[[22.600305,44.569787],[22.580461,44.565498],[22.565578,44.555421],[22.55979,44.538781],[22.55669,44.52147],[22.548422,44.511703],[22.535503,44.507517],[22.500363,44.50638],[22.491061,44.50421],[22.484136,44.499766],[22.479795,44.490412],[22.477212,44.476976],[22.477005,44.463954],[22.480002,44.455789],[22.500983,44.44194],[22.505427,44.435015],[22.506357,44.427522],[22.50398,44.411709],[22.505117,44.404061],[22.522687,44.37507],[22.549352,44.348974],[22.582838,44.328406],[22.621182,44.315901],[22.662523,44.311663],[22.68154,44.305307],[22.689498,44.291716],[22.685364,44.243657],[22.690739,44.228878],[22.69164,44.228435]]]}},{"type":"Feature","properties":{},"geometry":{"type":"MultiLineString","coordinates":[[[26.211816,41.750476],[26.226182,41.749675],[26.23445,41.745825],[26.261012,41.723062],[26.273931,41.714897],[26.294911,41.710323]],[[26.114664,41.355203],[26.120865,41.357787],[26.132441,41.371533],[26.14784,41.396906],[26.159002,41.421814],[26.164273,41.42786],[26.170578,41.429565],[26.175642,41.431891],[26.177399,41.439952],[26.174299,41.445998],[26.160449,41.455869],[26.156212,41.460416],[26.145877,41.478038],[26.147634,41.484756],[26.159312,41.493799],[26.16293,41.50646],[26.16448,41.517725],[26.163136,41.529146],[26.158072,41.542323],[26.152491,41.547026],[26.136781,41.549196],[26.1312,41.552659],[26.129443,41.559377],[26.130994,41.575138],[26.13027,41.582683],[26.121072,41.608211],[26.115284,41.616634],[26.106706,41.624282],[26.095234,41.62839],[26.081178,41.630457],[26.066915,41.635496],[26.05949,41.643777],[26.055029,41.648751],[26.050275,41.660456],[26.047485,41.674615],[26.048105,41.689084],[26.053686,41.701513],[26.060507,41.7073],[26.067225,41.708851],[26.074046,41.709135],[26.081488,41.711512],[26.108359,41.727893],[26.135128,41.733397],[26.189905,41.734689],[26.211816,41.750476]],[[26.294911,41.710323],[26.333359,41.713036]],[[24.250747,41.563459],[24.26687,41.549765],[24.286403,41.54036],[24.287334,41.531626],[24.28506,41.523151],[24.286817,41.517622],[24.296119,41.515245]],[[24.170235,41.511576],[24.173129,41.515297],[24.17747,41.531006],[24.181604,41.537362],[24.19628,41.547026],[24.197698,41.547711],[24.214366,41.555759],[24.23328,41.561805],[24.250747,41.563459]],[[24.510162,41.56165],[24.530936,41.547543],[24.543339,41.521343],[24.546543,41.493644],[24.549436,41.485428],[24.553571,41.480777],[24.558738,41.476849],[24.564113,41.471062],[24.56773,41.468116],[24.577238,41.463568],[24.581062,41.460209],[24.582199,41.455249],[24.579719,41.44419],[24.580442,41.440521],[24.595842,41.429772],[24.609484,41.42724]],[[24.423966,41.525218],[24.438849,41.527699],[24.459209,41.549506],[24.481327,41.553227],[24.510162,41.56165]],[[24.076597,41.536019],[24.116491,41.533383],[24.146257,41.526769],[24.154008,41.522118],[24.158453,41.51633],[24.162793,41.512041],[24.170235,41.511576]],[[24.034739,41.451321],[24.045901,41.455455],[24.051999,41.463],[24.052516,41.471475],[24.049829,41.493644],[24.047348,41.525735],[24.076597,41.536019]],[[24.402882,41.527854],[24.423966,41.525218]],[[24.345005,41.518397],[24.353893,41.519121],[24.387483,41.526665],[24.402882,41.527854]],[[24.318236,41.520774],[24.345005,41.518397]],[[24.296119,41.515245],[24.303043,41.51695],[24.309554,41.519792],[24.318236,41.520774]],[[23.894799,41.464344],[23.902861,41.463517],[23.949887,41.437575]],[[23.80974,41.433803],[23.830927,41.435611],[23.851598,41.439591],[23.867721,41.445482],[23.894799,41.464344]],[[24.000736,41.464137],[24.022854,41.453078],[24.034739,41.451321]],[[23.949887,41.437575],[23.964666,41.43835],[23.981306,41.450856],[23.986887,41.453698],[23.992365,41.454628],[23.997119,41.457006],[24.000736,41.464137]],[[23.792067,41.434475],[23.80974,41.433803]],[[23.73822,41.397474],[23.754446,41.400678],[23.777081,41.429049],[23.792067,41.434475]],[[24.644314,41.427653],[24.638217,41.41768]],[[24.609484,41.42724],[24.644314,41.427653]],[[24.661264,41.41768],[24.680901,41.415509],[24.699195,41.408946],[24.718728,41.395717],[24.752628,41.362748],[24.774436,41.348072],[24.794279,41.3474]],[[24.638217,41.41768],[24.661264,41.41768]],[[23.705354,41.403159],[23.73822,41.397474]],[[23.612439,41.371016],[23.624847,41.377094],[23.627736,41.378509],[23.65285,41.397629],[23.672177,41.402952],[23.705354,41.403159]],[[24.872931,41.401867],[24.886367,41.400627],[24.916959,41.386364],[25.08036,41.334067]],[[24.794279,41.3474],[24.802858,41.361921],[24.800171,41.379336],[24.803271,41.392668],[24.842132,41.394735],[24.863009,41.400316],[24.872931,41.401867]],[[23.414519,41.399903],[23.513014,41.397733],[23.578953,41.371998],[23.612439,41.371016]],[[23.326049,41.369311],[23.347236,41.371223],[23.365116,41.378561],[23.395502,41.395252],[23.414519,41.399903]],[[23.287705,41.398198],[23.306205,41.388379],[23.31561,41.376855],[23.326049,41.369311]],[[23.115209,41.312673],[23.15717,41.316342],[23.179701,41.321355],[23.190656,41.326057],[23.199545,41.332982],[23.204816,41.342697],[23.206366,41.360939],[23.209777,41.368587],[23.224246,41.379026],[23.24657,41.389723],[23.269928,41.397268],[23.287705,41.398198]],[[26.107326,41.356598],[26.114664,41.355203]],[[25.948576,41.313965],[25.959635,41.314999],[25.982269,41.323267],[26.008934,41.336806],[26.021853,41.341664],[26.107326,41.356598]],[[25.811013,41.341044],[25.833337,41.334636],[25.86269,41.310089],[25.882017,41.304043]],[[25.679962,41.29717],[25.691227,41.298411],[25.698049,41.301925],[25.70518,41.307299],[25.717479,41.31412],[25.728744,41.317066],[25.763471,41.319029],[25.800781,41.338046],[25.811013,41.341044]],[[25.096793,41.336703],[25.101858,41.336651],[25.104855,41.334067],[25.112606,41.324145],[25.116534,41.320735],[25.153847,41.307535],[25.157875,41.30611],[25.177098,41.293863],[25.21968,41.249731],[25.23911,41.240895],[25.262261,41.238104]],[[25.08036,41.334067],[25.096793,41.336703]],[[22.916978,41.335773],[23.115209,41.312673]],[[25.921187,41.316032],[25.93514,41.315929],[25.948576,41.313965]],[[25.882017,41.304043],[25.896279,41.306265],[25.921187,41.316032]],[[25.551494,41.31567],[25.639758,41.311071],[25.649576,41.308487],[25.670453,41.299186],[25.679962,41.29717]],[[25.505089,41.280582],[25.514907,41.283476],[25.523692,41.291693],[25.530203,41.302751],[25.537955,41.312208],[25.551494,41.31567]],[[25.479096,41.283786],[25.489482,41.283063],[25.497337,41.281202],[25.505089,41.280582]],[[25.262261,41.238104],[25.285722,41.239396],[25.453464,41.280427],[25.479096,41.283786]]]}},{"type":"Feature","properties":{},"geometry":{"type":"MultiLineString","coordinates":[[[26.35961,41.714897],[26.377387,41.710633],[26.404362,41.691823],[26.442809,41.684459],[26.460379,41.678775],[26.476192,41.675726],[26.473195,41.661127],[26.46441,41.648518],[26.521151,41.616427],[26.566523,41.598754],[26.576445,41.591003]],[[26.333359,41.713036],[26.35961,41.714897]],[[26.595461,41.612448],[26.595255,41.604955],[26.596288,41.59754],[26.598562,41.590847],[26.602283,41.585163],[26.597839,41.573277],[26.601663,41.547336],[26.595461,41.537414],[26.606107,41.523048],[26.610964,41.505736],[26.615925,41.468529],[26.632152,41.419747],[26.636389,41.399593],[26.636596,41.378457],[26.631738,41.357528],[26.622643,41.340372],[26.609724,41.330708],[26.591121,41.329313]],[[26.576445,41.591003],[26.595461,41.612448]],[[26.591121,41.329313],[26.569623,41.333602],[26.550606,41.341767],[26.540168,41.351792]],[[26.540168,41.351792],[26.489318,41.310865],[26.478776,41.309624],[26.474435,41.306369],[26.471955,41.301925],[26.466374,41.29717],[26.438468,41.283579],[26.412113,41.265699],[26.39506,41.258981],[26.331705,41.254124],[26.320543,41.246217],[26.336046,41.228906],[26.325504,41.206995],[26.32106,41.187616],[26.32416,41.169891],[26.336046,41.15258],[26.317339,41.130462],[26.317339,41.122297],[26.332325,41.119042],[26.339456,41.114494],[26.322403,41.088553],[26.32509,41.074083],[26.339043,41.051552],[26.347621,41.040959],[26.374183,41.03114],[26.37501,41.019461],[26.368085,41.007731],[26.35961,41.002408],[26.344624,41.001064],[26.335942,40.997137],[26.333152,40.990729],[26.336046,40.981892],[26.346484,40.971712],[26.3562,40.968146],[26.359093,40.964684],[26.349068,40.954556],[26.335012,40.946236],[26.306487,40.936004],[26.294395,40.92665],[26.297288,40.922413],[26.303283,40.915488],[26.304006,40.909029],[26.290674,40.906135]],[[26.290674,40.906135],[26.282199,40.90722],[26.275171,40.910269],[26.270003,40.914816],[26.266489,40.920449]],[[26.266489,40.920449],[26.260391,40.920449],[26.252227,40.900554],[26.246335,40.891459],[26.239204,40.885671],[26.232383,40.885671]],[[26.232383,40.885671],[26.231143,40.889805],[26.226182,40.899313]],[[26.226182,40.899313],[26.226285,40.888823],[26.225252,40.883604],[26.220911,40.88133],[26.211919,40.87947],[26.211196,40.874715],[26.212539,40.873114],[26.215123,40.872855],[26.218637,40.871977],[26.208715,40.868411],[26.205821,40.865],[26.205098,40.858386],[26.212022,40.84743],[26.158279,40.812187],[26.142983,40.79379],[26.134508,40.767125],[26.112287,40.746971],[26.081591,40.735551]],[[26.081591,40.735551],[26.043956,40.738471]]]}},{"type":"Feature","properties":{},"geometry":{"type":"MultiLineString","coordinates":[[[19.747766,42.578901],[19.746885,42.58893],[19.746009,42.5989],[19.737534,42.624402],[19.722134,42.64608],[19.699293,42.654814]],[[19.699293,42.654814],[19.676039,42.646675],[19.658037,42.634613],[19.647927,42.627838],[19.621779,42.604997],[19.605035,42.584844],[19.599248,42.571046],[19.593667,42.54482],[19.588086,42.532857],[19.575683,42.522341],[19.561317,42.516243],[19.549328,42.508595],[19.543747,42.493557],[19.543747,42.493402],[19.531655,42.474773],[19.517806,42.45803],[19.501476,42.444129],[19.481735,42.434491],[19.468403,42.41811],[19.417243,42.374107],[19.412076,42.368397],[19.402671,42.352015],[19.400707,42.344755],[19.401327,42.331061],[19.400397,42.325893],[19.304589,42.215099],[19.274926,42.191276],[19.272033,42.180682],[19.281956,42.164723],[19.282058,42.164559],[19.297767,42.151666],[19.355025,42.12004],[19.369998,42.106507],[19.372491,42.104253],[19.374869,42.094667],[19.356575,42.064798],[19.351718,42.047615],[19.350581,42.027823],[19.354198,42.008703],[19.363396,41.993639],[19.363707,41.993484],[19.371045,41.98656],[19.365774,41.969713],[19.359779,41.965993],[19.351614,41.965166],[19.346447,41.961548],[19.352854,41.938501],[19.350477,41.931369],[19.346653,41.926176],[19.345413,41.921189],[19.34593,41.914471],[19.34531,41.910337],[19.347687,41.906358],[19.356989,41.89964],[19.364947,41.888995],[19.364223,41.862846],[19.365122,41.852372]],[[19.746009,42.579934],[19.747766,42.578901]],[[19.819596,42.466479],[19.801406,42.468132],[19.784456,42.474566],[19.75159,42.493402],[19.73433,42.524382],[19.730919,42.533658],[19.730299,42.540428],[19.732159,42.555543],[19.733916,42.562597],[19.741358,42.574405],[19.746009,42.579934]],[[20.064956,42.546758],[20.039221,42.557765]],[[20.039221,42.557765],[20.017723,42.546241],[19.981757,42.510765],[19.956332,42.505314]],[[19.956332,42.505314],[19.907549,42.506399]],[[19.907549,42.506399],[19.882745,42.493609],[19.882745,42.493557],[19.882538,42.493402],[19.873339,42.486839],[19.835512,42.470251],[19.829063,42.468723],[19.819596,42.466479]]]}},{"type":"Feature","properties":{},"geometry":{"type":"MultiLineString","coordinates":[[[26.688531,48.274832],[26.711475,48.261319],[26.722379,48.259769]],[[26.617889,48.258968],[26.665741,48.274212],[26.688531,48.274832]],[[26.733127,48.27075],[26.744031,48.255583],[26.76372,48.252741]],[[26.722379,48.259769],[26.733127,48.27075]],[[26.804906,48.25827],[26.821908,48.252534],[26.844749,48.23331]],[[26.76372,48.252741],[26.804906,48.25827]],[[26.855497,48.237832],[26.897665,48.208971],[26.90397,48.201452],[26.908001,48.184528]],[[26.844749,48.23331],[26.855497,48.237832]],[[26.938128,48.204811],[26.950582,48.197524],[26.955646,48.186],[26.963088,48.175381],[26.997607,48.16657],[26.997607,48.15794],[26.986239,48.150421],[26.966602,48.149594],[26.966602,48.143367],[26.99399,48.132412],[27.012697,48.128123]],[[26.908001,48.184528],[26.917716,48.187964],[26.929085,48.199049],[26.938128,48.204811]],[[27.025099,48.135048],[27.033678,48.132386],[27.042773,48.127296],[27.048044,48.122232],[27.047955,48.121409],[27.047424,48.116496],[27.036882,48.107349],[27.034298,48.101768],[27.041739,48.077273],[27.059206,48.05805],[27.083184,48.043658],[27.109332,48.033503],[27.109332,48.026088],[27.088971,48.019809],[27.090005,48.015623],[27.091452,48.011851],[27.093364,48.00844],[27.095793,48.005598]],[[27.012697,48.128123],[27.025099,48.135048]],[[27.121476,48.013194],[27.134602,48.000456],[27.143748,47.986839]],[[27.095793,48.005598],[27.121476,48.013194]],[[27.157184,47.991955],[27.16876,47.983067],[27.169793,47.973791],[27.162869,47.965006],[27.150983,47.957797],[27.171964,47.946429],[27.178268,47.944129],[27.178268,47.942096],[27.178268,47.937928],[27.160698,47.921727],[27.17155,47.912632],[27.194185,47.904054],[27.212375,47.889507],[27.211548,47.885011],[27.213202,47.854134],[27.212375,47.847933],[27.222813,47.842662],[27.234906,47.840208],[27.245809,47.83659],[27.253406,47.828089],[27.219196,47.813775],[27.231082,47.807083],[27.244879,47.792588],[27.256196,47.77755],[27.260847,47.769075],[27.264671,47.764553],[27.282448,47.755691],[27.287512,47.752332],[27.288114,47.75068],[27.29113,47.74241],[27.289579,47.731687],[27.295057,47.724427],[27.295057,47.718174],[27.272009,47.71497],[27.281104,47.693007],[27.304049,47.666549],[27.369161,47.60831],[27.397066,47.589086],[27.428382,47.581024],[27.429404,47.57813],[27.431342,47.572638],[27.435824,47.55994],[27.438976,47.553713],[27.440268,47.550096],[27.440061,47.541027],[27.442128,47.536634],[27.446056,47.534877],[27.456908,47.533896],[27.459491,47.533224],[27.466726,47.506352],[27.473134,47.491779],[27.483676,47.485423],[27.492564,47.484545],[27.497525,47.482426],[27.501453,47.479945],[27.50724,47.477982],[27.532975,47.477413]],[[27.143748,47.986839],[27.157184,47.991955]],[[27.534526,47.477982],[27.548168,47.474261],[27.563154,47.468344],[27.575867,47.460412],[27.582998,47.450671],[27.574782,47.446252],[27.569356,47.438553],[27.565531,47.428269],[27.562534,47.416538],[27.580311,47.405996],[27.572353,47.375197],[27.586409,47.368764],[27.588724,47.367389],[27.599948,47.360728],[27.624029,47.321428],[27.636948,47.306674],[27.6447,47.303987],[27.671727,47.299853],[27.68232,47.295254],[27.689865,47.290887],[27.697823,47.287502],[27.722835,47.283317],[27.733273,47.275617],[27.753634,47.251432],[27.752393,47.238926],[27.763039,47.226317],[27.788309,47.204277],[27.800349,47.176966],[27.802106,47.176346],[27.804793,47.168492],[27.807687,47.162471],[27.805879,47.158234],[27.794665,47.155831],[27.80655,47.144617],[27.849855,47.12852],[27.849855,47.121724],[27.843757,47.114386],[27.848202,47.111415],[27.85771,47.109322],[27.867012,47.104645],[27.897604,47.081417],[27.925923,47.068756],[27.938429,47.061056],[27.938739,47.046638],[27.96313,47.043383],[27.986591,47.033228],[28.008295,47.026304]],[[27.532975,47.477413],[27.534526,47.477982]],[[28.028036,47.03297],[28.037027,47.016459],[28.038146,47.015483],[28.069067,46.988503],[28.082709,46.971527],[28.102295,46.935121],[28.104994,46.920185],[28.105447,46.91768],[28.096869,46.902616],[28.11356,46.894761],[28.114335,46.883393],[28.113095,46.87143],[28.124257,46.861637],[28.124257,46.854195],[28.122615,46.84227],[28.121518,46.8343],[28.137796,46.80624],[28.178156,46.758646],[28.178104,46.739836],[28.234121,46.662424],[28.24425,46.635372],[28.245085,46.631451],[28.24735,46.620825],[28.247144,46.607156],[28.240529,46.596382],[28.230504,46.583902],[28.225439,46.569562],[28.234121,46.553129],[28.224768,46.548736],[28.221099,46.541191],[28.219032,46.503726],[28.221099,46.495768],[28.234121,46.478069],[28.2381,46.475588]],[[28.008295,47.026304],[28.028036,47.03297]],[[28.242338,46.476518],[28.2458,46.475511],[28.247144,46.467191],[28.247247,46.436185],[28.246058,46.427865],[28.240219,46.420268],[28.22606,46.415359],[28.233294,46.401768],[28.228643,46.39611],[28.226796,46.395548],[28.219548,46.393345],[28.212934,46.388694],[28.207146,46.358153],[28.202392,46.353916],[28.190351,46.351074],[28.187922,46.343787],[28.191953,46.323504],[28.192883,46.311231],[28.191333,46.307769],[28.177794,46.287047],[28.165753,46.27883],[28.156296,46.275368],[28.144928,46.272939],[28.135212,46.269322],[28.131078,46.262397],[28.134489,46.245344],[28.132112,46.239918],[28.120846,46.237851],[28.108961,46.23413],[28.110976,46.225603],[28.129321,46.204674],[28.135626,46.198835],[28.141517,46.191962],[28.144721,46.183229],[28.133249,46.159974],[28.127358,46.135325],[28.110506,46.101491],[28.107823,46.096103],[28.100796,46.081995],[28.092838,46.078377],[28.090151,46.073365],[28.090461,46.06799],[28.096558,46.065045],[28.096869,46.05967],[28.084466,46.024582],[28.082709,46.014712],[28.08612,46.000552],[28.110511,45.950426],[28.112371,45.939213],[28.114852,45.933218],[28.120846,45.926293],[28.124981,45.918387],[28.12281,45.910791],[28.118779,45.903142],[28.117436,45.895236],[28.120226,45.887846],[28.129115,45.875134],[28.131078,45.871361],[28.128184,45.8664],[28.114955,45.859734],[28.110511,45.854308],[28.113302,45.825369],[28.128908,45.795035],[28.146478,45.771161],[28.154953,45.761807],[28.163738,45.661503],[28.161774,45.645432],[28.167975,45.632461],[28.153713,45.6275]],[[28.2381,46.475588],[28.242338,46.476518]],[[28.153713,45.6275],[28.120846,45.627707]],[[28.120846,45.627707],[28.107721,45.6244],[28.091184,45.615976],[28.074751,45.604866],[28.062142,45.593601],[28.118004,45.572723],[28.140949,45.560218],[28.157743,45.538927],[28.161567,45.532726],[28.164048,45.530607],[28.165391,45.528282],[28.165908,45.494589],[28.172936,45.484357],[28.199498,45.461774]]]}},{"type":"Feature","properties":{},"geometry":{"type":"MultiLineString","coordinates":[[[26.330258,48.208506],[26.347311,48.212097],[26.380488,48.223207],[26.397437,48.226205],[26.44467,48.227729],[26.461309,48.230391],[26.5874,48.249356],[26.617889,48.258968]],[[26.30349,48.212045],[26.311758,48.20972],[26.330258,48.208506]],[[25.965732,47.964903],[26.029294,47.977796],[26.10253,47.978267],[26.125723,47.978416],[26.173058,47.993144],[26.18267,48.003273],[26.204788,48.037379],[26.217087,48.048024],[26.243235,48.062907],[26.255327,48.072338],[26.270727,48.093603],[26.286953,48.124712],[26.297495,48.156338],[26.296152,48.178998],[26.30349,48.212045]],[[23.139083,48.098125],[23.161718,48.095903],[23.231377,48.079728],[23.248637,48.071227],[23.289772,48.038206],[23.337521,48.010869],[23.360052,47.993144],[23.367286,47.991206],[23.374728,47.99056]],[[23.004415,47.983067],[23.020331,47.984721],[23.063119,48.007458],[23.076555,48.024512],[23.098982,48.071227],[23.118619,48.091536],[23.139083,48.098125]],[[23.563243,48.005753],[23.581744,48.001567],[23.646132,47.996606],[23.687267,47.987253],[23.710521,47.985083]],[[23.460821,47.971337],[23.481595,47.972163],[23.485476,47.974234],[23.488519,47.975858],[23.494307,47.980535],[23.499371,47.986219],[23.503712,47.992886],[23.514461,47.998983],[23.525623,48.00118],[23.563243,48.005753]],[[22.939302,48.00565],[22.957079,48.00012],[22.972478,47.992886],[22.988188,47.986374],[23.004415,47.983067]],[[22.877601,47.946739],[22.897858,47.950976],[22.915841,47.959193],[22.924213,47.972732],[22.915738,47.992989],[22.924109,48.004823],[22.939302,48.00565]],[[23.393021,47.993583],[23.394468,47.993454],[23.396019,47.993067],[23.460821,47.971337]],[[23.374728,47.99056],[23.382169,47.991129],[23.390127,47.993067],[23.391574,47.993454],[23.393021,47.993583]],[[23.780078,47.987511],[23.796511,47.981982],[23.848394,47.949658],[23.855215,47.934233]],[[23.710521,47.985083],[23.780078,47.987511]],[[25.918087,47.968158],[25.965732,47.964903]],[[24.896599,47.710061],[24.928858,47.713938],[24.94238,47.715563],[25.017418,47.724582],[25.079947,47.742927],[25.08005,47.743082],[25.080257,47.743133],[25.121908,47.770315],[25.218956,47.878474],[25.261744,47.898576],[25.752516,47.934595],[25.818351,47.952578],[25.870958,47.957022],[25.90124,47.965962],[25.918087,47.968158]],[[23.977275,47.962293],[24.008798,47.961208],[24.025231,47.95325],[24.074943,47.944181],[24.094787,47.937928],[24.131167,47.914544],[24.148737,47.912115]],[[23.855215,47.934233],[23.876609,47.93444],[23.977275,47.962293]],[[24.428514,47.952526],[24.485564,47.943199]],[[24.231006,47.897026],[24.297876,47.919789],[24.347175,47.920875],[24.386242,47.94369],[24.409187,47.952061],[24.428514,47.952526]],[[24.542098,47.943819],[24.561632,47.940537],[24.569808,47.937289],[24.608451,47.921934],[24.633669,47.908291],[24.649275,47.895217],[24.655993,47.879301],[24.656923,47.866201],[24.661471,47.853876],[24.679144,47.84013],[24.712837,47.825919],[24.793659,47.804473],[24.808232,47.79574],[24.820738,47.784087],[24.854431,47.743133],[24.877789,47.718742],[24.896599,47.710061]],[[24.485564,47.943199],[24.542098,47.943819]],[[24.150184,47.912916],[24.209302,47.897594],[24.231006,47.897026]],[[24.148737,47.912115],[24.150184,47.912916]],[[28.199498,45.461774],[28.212934,45.450198]],[[28.237635,45.452059],[28.266884,45.440483],[28.286418,45.421725],[28.281198,45.401829],[28.310809,45.347827],[28.330239,45.322919],[28.353287,45.312429],[28.370237,45.309225],[28.40517,45.295066],[28.494157,45.278891],[28.577046,45.248092],[28.710061,45.226956]],[[28.212934,45.450198],[28.215146,45.450365],[28.237635,45.452059]],[[29.322117,45.443842],[29.332969,45.442137],[29.343924,45.438106],[29.353743,45.435936],[29.430637,45.430406],[29.569699,45.394956],[29.616362,45.365346],[29.628145,45.360798],[29.650262,45.346122],[29.667109,45.311861],[29.672276,45.272948],[29.659254,45.244165],[29.66499,45.23786],[29.666488,45.230625],[29.664215,45.223184],[29.659079,45.215887],[29.659075,45.215881]],[[29.260828,45.422035],[29.281809,45.422293],[29.290491,45.424619],[29.299276,45.428908],[29.307027,45.434127],[29.312815,45.439346],[29.322117,45.443842]],[[29.244602,45.424205],[29.260828,45.422035]],[[28.929893,45.279098],[28.952837,45.285092],[28.957384,45.292017],[28.960433,45.311292],[28.96648,45.319871],[28.973663,45.323695],[28.982448,45.325503],[29.004617,45.326072],[29.018156,45.330878],[29.069522,45.360798],[29.110295,45.369066],[29.127503,45.374544],[29.141869,45.385086],[29.150138,45.387877],[29.174322,45.388962],[29.179386,45.391856],[29.183107,45.398987],[29.191582,45.40617],[29.206672,45.41542],[29.228169,45.42374],[29.244602,45.424205]],[[28.816308,45.326072],[28.831811,45.322299],[28.858114,45.30907],[28.880852,45.306176],[28.893616,45.29982],[28.910049,45.287366],[28.929893,45.279098]],[[28.710061,45.226956],[28.747371,45.23047],[28.778687,45.23109],[28.7914,45.234966],[28.802665,45.244165],[28.774295,45.253363],[28.767267,45.257755],[28.762564,45.265145],[28.75967,45.274189],[28.761531,45.281837],[28.79016,45.292069],[28.788609,45.307106],[28.789746,45.321421],[28.816308,45.326072]]]}},{"type":"Feature","properties":{},"geometry":{"type":"MultiLineString","coordinates":[[[27.582998,48.486034],[27.604806,48.484122],[27.606873,48.457819],[27.627026,48.451256]],[[27.403474,48.411491],[27.420217,48.417149],[27.480885,48.451411],[27.50383,48.472365],[27.503896,48.472365],[27.545171,48.472365],[27.557057,48.474355],[27.582998,48.486034]],[[27.751773,48.451979],[27.78526,48.441566],[27.849855,48.40963],[27.864841,48.398907],[27.885371,48.378444],[27.896674,48.367178],[27.904529,48.362475],[27.92644,48.339428],[27.967057,48.328886],[28.003177,48.325883],[28.055941,48.321496],[28.076405,48.314933],[28.092838,48.302066],[28.098315,48.284108],[28.078678,48.244912],[28.093251,48.237444],[28.115575,48.236747]],[[27.627026,48.451256],[27.751773,48.451979]],[[27.342186,48.436114],[27.36141,48.432807],[27.389832,48.415005],[27.403474,48.411491]],[[27.208551,48.360615],[27.246481,48.373741],[27.25193,48.37831],[27.306012,48.42366],[27.342186,48.436114]],[[27.037398,48.399683],[27.048044,48.397667],[27.068818,48.388882],[27.175788,48.361804],[27.208551,48.360615]],[[27.027683,48.357747],[27.033057,48.360202],[27.031817,48.36524],[27.02851,48.370795],[27.027786,48.374774],[27.0282,48.381389],[27.025409,48.389864],[27.02634,48.397099],[27.037398,48.399683]],[[26.842785,48.39374],[26.875961,48.383999],[26.908724,48.36524],[26.943244,48.351262]],[[26.816947,48.371726],[26.825628,48.377772],[26.828419,48.385136],[26.831933,48.391363],[26.842785,48.39374]],[[26.793589,48.376273],[26.810074,48.371881],[26.816947,48.371726]],[[26.754573,48.286149],[26.774365,48.287183],[26.785734,48.294108],[26.790075,48.307053],[26.789351,48.32594],[26.78408,48.345164],[26.778189,48.357204],[26.777518,48.36617],[26.78806,48.375963],[26.793589,48.376273]],[[26.990579,48.362372],[26.997814,48.361545],[27.004635,48.358755]],[[26.943244,48.351262],[26.981071,48.35568],[26.990579,48.362372]],[[27.015591,48.359401],[27.027683,48.357747]],[[27.004635,48.358755],[27.015591,48.359401]],[[26.679797,48.330178],[26.699434,48.325113],[26.712974,48.314907],[26.723619,48.302582],[26.735918,48.291834],[26.754573,48.286149]],[[26.617889,48.258968],[26.618613,48.267184],[26.625124,48.282894],[26.636079,48.294883],[26.6691,48.30881],[26.67401,48.321703],[26.679797,48.330178]],[[28.178517,48.258864],[28.185752,48.242379],[28.189369,48.223052],[28.199911,48.211735],[28.216965,48.208144]],[[28.115575,48.236747],[28.131078,48.239589],[28.162084,48.257185],[28.178517,48.258864]],[[28.340575,48.240106],[28.357731,48.238607],[28.36817,48.230623],[28.37003,48.211632],[28.363364,48.191013],[28.352253,48.181866],[28.337887,48.175484],[28.322178,48.163211],[28.315563,48.149284],[28.317424,48.135358],[28.328586,48.127012]],[[28.216965,48.208144],[28.240322,48.211632],[28.261716,48.219952],[28.277529,48.229124],[28.294479,48.236488],[28.340575,48.240106]],[[28.411578,48.170704],[28.427288,48.163366],[28.436899,48.149853],[28.435659,48.134686],[28.419019,48.122232],[28.447441,48.082751],[28.459379,48.074457],[28.479584,48.064923]],[[28.328586,48.127012],[28.349566,48.129725],[28.364966,48.141507],[28.37556,48.156648],[28.388634,48.168586],[28.411578,48.170704]],[[28.541596,48.155951],[28.573635,48.154969],[28.665619,48.129337],[28.735072,48.128691],[28.771246,48.124454],[28.799255,48.111793],[28.805921,48.103809],[28.80835,48.096574],[28.809176,48.089779],[28.811554,48.082906],[28.827573,48.057016],[28.830777,48.030868],[28.832534,48.024822],[28.839252,48.018285],[28.855685,48.007923],[28.862085,48.000502],[28.882557,47.976763],[28.914803,47.953146],[28.936087,47.942164],[28.950356,47.934801],[28.980846,47.926378]],[[28.479584,48.064923],[28.490023,48.065491],[28.493744,48.074819],[28.494157,48.091846],[28.49979,48.108914],[28.501082,48.112827],[28.501113,48.112889],[28.519323,48.149129],[28.541596,48.155951]],[[29.092725,47.980173],[29.110037,47.979656],[29.123989,47.975987],[29.136288,47.968184],[29.147967,47.955369],[29.155822,47.939866],[29.164607,47.905604],[29.172565,47.891006],[29.186621,47.883642],[29.225999,47.87558],[29.236024,47.870723],[29.232768,47.85708],[29.21742,47.842895],[29.19892,47.829485],[29.186724,47.818219],[29.177733,47.800701],[29.177836,47.78972],[29.187448,47.783209],[29.221968,47.774811],[29.234732,47.766801],[29.238608,47.756001],[29.22667,47.743237],[29.196956,47.717502],[29.191479,47.686264],[29.192409,47.650917],[29.182074,47.613219],[29.156184,47.582781],[29.130501,47.55963],[29.117426,47.533327],[29.130397,47.4932],[29.130501,47.493097],[29.130604,47.493045],[29.130656,47.492942],[29.137189,47.484008],[29.140009,47.480152],[29.155615,47.449999],[29.163884,47.439379],[29.182074,47.429871]],[[28.980846,47.926378],[29.017226,47.931081],[29.061047,47.96976],[29.092725,47.980173]],[[29.21835,47.451601],[29.232613,47.44633],[29.2507,47.425375],[29.281396,47.411474],[29.288217,47.400777],[29.292713,47.388866],[29.300826,47.378194],[29.314675,47.372717],[29.330385,47.370495],[29.345836,47.365844],[29.35891,47.352718],[29.364078,47.336879],[29.364491,47.322436],[29.367592,47.308225],[29.370882,47.304434],[29.380821,47.29298],[29.394464,47.284712],[29.409553,47.279751],[29.425573,47.278666]],[[29.182074,47.429871],[29.192409,47.435814],[29.201866,47.446588],[29.21835,47.451601]],[[29.501072,47.339825],[29.520968,47.33892],[29.539881,47.334218],[29.556573,47.324038],[29.57006,47.306778],[29.579259,47.283601],[29.580189,47.26045],[29.568717,47.243138],[29.544015,47.23425],[29.540398,47.212546],[29.55063,47.160172],[29.544842,47.135574],[29.530373,47.123688],[29.508669,47.119399],[29.480867,47.117487],[29.478593,47.114645],[29.47787,47.111544],[29.478696,47.108469],[29.480867,47.10524],[29.511459,47.066017],[29.520141,47.059919]],[[29.425573,47.278666],[29.441696,47.282128],[29.459163,47.293497],[29.466087,47.307449],[29.470635,47.322746],[29.480867,47.338274],[29.501072,47.339825]],[[29.570164,47.091442],[29.583393,47.085215],[29.594865,47.074595],[29.6021,47.061005],[29.60303,47.04576],[29.595433,47.032143],[29.583393,47.02279],[29.572489,47.011757],[29.564996,46.974498],[29.560626,46.961256],[29.559828,46.95884],[29.558691,46.94574],[29.567476,46.934656],[29.573161,46.933725]],[[29.520141,47.059919],[29.530993,47.066017],[29.539726,47.078885],[29.551353,47.090202],[29.570164,47.091442]],[[29.598482,46.935379],[29.607577,46.93202],[29.623287,46.91954],[29.631865,46.914398],[29.648092,46.910419],[29.680855,46.908559],[29.696151,46.904683],[29.712481,46.893444],[29.735838,46.867192],[29.754132,46.85802],[29.785758,46.854661]],[[29.573161,46.933725],[29.598482,46.935379]],[[29.815213,46.856624],[29.843635,46.854144],[29.872212,46.837711],[29.876915,46.830786],[29.884873,46.812673],[29.889627,46.80717],[29.898516,46.806653]],[[29.785758,46.854661],[29.815213,46.856624]],[[29.917429,46.813965],[29.928178,46.809754],[29.930658,46.803087],[29.930452,46.781642],[29.931795,46.772443],[29.935671,46.765157],[29.946678,46.750739],[29.951122,46.743117],[29.952621,46.724694],[29.944404,46.662476],[29.94027,46.650797],[29.935413,46.641857],[29.931899,46.632374],[29.931279,46.619171],[29.934948,46.608836],[29.947402,46.588346],[29.949675,46.578863],[29.9381,46.55734],[29.916086,46.554369],[29.898826,46.553129],[29.901926,46.53083],[29.916086,46.518815],[29.960217,46.505948],[29.962078,46.503442],[29.967039,46.493856],[29.970553,46.491737]],[[29.898516,46.806653],[29.907714,46.810942],[29.917429,46.813965]],[[29.200677,46.35712],[29.183727,46.367171],[29.183417,46.37761],[29.190342,46.387196],[29.199282,46.396497],[29.205638,46.406109],[29.207602,46.417891],[29.206775,46.502511],[29.200212,46.523983],[29.184244,46.538039],[29.183059,46.538042],[29.162747,46.538091]],[[29.162747,46.538091],[29.074948,46.503674],[29.055915,46.49874],[29.020326,46.489515],[28.945809,46.454788],[28.925448,46.432774],[28.919247,46.404662],[28.927309,46.368024],[28.944879,46.32074],[28.945809,46.304978],[28.939918,46.286995],[28.93289,46.272629],[28.93351,46.258986],[28.950615,46.243122],[28.95077,46.24307],[28.984112,46.221221],[29.009836,46.204364],[29.015365,46.182609],[29.00348,46.158941],[28.980846,46.132121],[28.946429,46.105094],[28.938781,46.089281],[28.941158,46.064683],[28.958935,46.021016],[28.956868,46.001379],[28.93196,45.993163],[28.757603,45.961175],[28.74024,45.953217],[28.729181,45.938644],[28.728406,45.921953],[28.742307,45.887329],[28.746441,45.870586],[28.745046,45.850484],[28.738276,45.837565],[28.725564,45.82878],[28.706392,45.821132],[28.677298,45.816584],[28.669753,45.812037],[28.669392,45.806301],[28.671924,45.797257],[28.673267,45.78687],[28.669753,45.77731],[28.643605,45.76651],[28.576684,45.761911],[28.560613,45.743204],[28.563525,45.735494],[28.567641,45.7246],[28.56144,45.71659],[28.532501,45.710079],[28.515241,45.702018],[28.504182,45.693698],[28.480928,45.669462],[28.474003,45.657938],[28.482891,45.650755],[28.498498,45.644295],[28.511314,45.635045],[28.516895,45.620989],[28.518755,45.607036],[28.523096,45.593239],[28.536893,45.579803],[28.510435,45.571018],[28.504596,45.567246],[28.503743,45.566102],[28.498239,45.558719],[28.497981,45.556445],[28.500048,45.554585],[28.506456,45.520582],[28.502012,45.508748],[28.480928,45.501978]],[[29.989259,46.498687],[29.994944,46.498532],[30.00285,46.494217]],[[29.970553,46.491737],[29.977064,46.493184],[29.989259,46.498687]],[[29.615639,46.361822],[29.598586,46.363063],[29.582979,46.369651],[29.56944,46.382286],[29.555643,46.404197],[29.541432,46.413034],[29.527479,46.416651],[29.49606,46.420811],[29.480867,46.425152],[29.475079,46.432257],[29.473322,46.439802],[29.475286,46.447554],[29.480867,46.455512],[29.486241,46.462488],[29.488205,46.469361],[29.486448,46.475872],[29.480867,46.482048],[29.457612,46.484709]],[[29.457612,46.484709],[29.456724,46.484366],[29.436838,46.476699],[29.418235,46.462488],[29.374723,46.416186],[29.362114,46.415928]],[[29.362114,46.415928],[29.344234,46.434169],[29.320773,46.468741],[29.306717,46.471997]],[[29.306717,46.471997],[29.289147,46.451636],[29.285943,46.439492],[29.290697,46.419261],[29.290077,46.410243],[29.283256,46.397427],[29.278192,46.395877]],[[29.828132,46.339395],[29.808185,46.354691],[29.80617,46.361564],[29.806738,46.380891],[29.805085,46.389986],[29.80033,46.398358],[29.779557,46.421095],[29.72695,46.455796],[29.714134,46.47117]],[[29.714134,46.47117],[29.713824,46.443058],[29.702869,46.42833],[29.682715,46.42293],[29.654396,46.422697],[29.647988,46.416393],[29.652949,46.391898],[29.645508,46.375594],[29.632072,46.36606],[29.615639,46.361822]],[[29.278192,46.395877],[29.27137,46.397427]],[[29.27137,46.397427],[29.259175,46.394353],[29.222898,46.366473],[29.200677,46.35712]],[[30.037267,46.368928],[29.918669,46.373656]],[[29.918669,46.373656],[29.902546,46.371176],[29.884666,46.3642],[29.847769,46.341462],[29.828132,46.339395]],[[28.480928,45.501978],[28.416849,45.503787],[28.341918,45.517636],[28.270501,45.521512]],[[28.270501,45.521512],[28.270423,45.521471],[28.217275,45.493348],[28.217171,45.493193],[28.217171,45.493142],[28.20849,45.481411],[28.201565,45.468854],[28.199498,45.461774]]]}},{"type":"Feature","properties":{},"geometry":{"type":"MultiLineString","coordinates":[[[23.56469,53.742405],[23.56469,53.742457],[23.540402,53.763593],[23.52986,53.78416],[23.520662,53.837335],[23.51043,53.862502],[23.497201,53.885549],[23.486866,53.909992],[23.485625,53.939293]],[[23.284191,52.219734],[23.212257,52.231671],[23.189726,52.240533],[23.197684,52.25831],[23.19448,52.271462],[23.183525,52.281306],[23.176099,52.285136],[23.168746,52.288928],[23.165645,52.289393],[23.21205,52.347504],[23.230447,52.365074],[23.270548,52.395123],[23.392298,52.509638],[23.480458,52.554416],[23.569031,52.585887],[23.736153,52.614903],[23.868961,52.670042],[23.908752,52.699859],[23.922498,52.742596],[23.920426,52.772625],[23.912059,52.893853],[23.909476,52.901501],[23.905445,52.906539],[23.902034,52.912534],[23.901104,52.923257],[23.903894,52.931137],[23.914953,52.944625],[23.91795,52.9508],[23.917537,52.95881],[23.909062,52.986664],[23.908959,52.993046],[23.911336,53.00506],[23.909682,53.012734],[23.89821,53.02754],[23.867928,53.051027],[23.859349,53.067976],[23.860693,53.087484],[23.870305,53.101256],[23.882397,53.113297],[23.891389,53.127714],[23.893663,53.151951],[23.883121,53.163991],[23.865964,53.172001],[23.848084,53.183809],[23.836198,53.199286],[23.828447,53.213833],[23.818628,53.227967],[23.800645,53.242462],[23.782972,53.270936],[23.742974,53.365478],[23.722924,53.397104],[23.675795,53.455705],[23.590942,53.611251],[23.567068,53.681014],[23.564794,53.742405]],[[23.564794,53.742405],[23.56469,53.742405]],[[23.391368,52.182501],[23.388474,52.184154],[23.395812,52.193379],[23.395812,52.19958],[23.374831,52.200949],[23.312716,52.215289],[23.29959,52.223428]],[[23.29959,52.223428],[23.284191,52.219734]],[[23.470949,52.171623],[23.464335,52.176351],[23.454413,52.181467],[23.450485,52.185911]],[[23.450485,52.185911],[23.43674,52.175679]],[[23.43674,52.175679],[23.427231,52.17679],[23.418239,52.182501],[23.405734,52.185911]],[[23.405734,52.185911],[23.391368,52.182501]],[[23.531928,52.120644],[23.512497,52.124442],[23.484695,52.158626],[23.488726,52.16214],[23.491517,52.174103],[23.487693,52.181622]],[[23.487693,52.181622],[23.470949,52.171623]],[[23.567171,51.55489],[23.573992,51.555304],[23.552081,51.578817],[23.5434,51.592743],[23.539886,51.607109],[23.545157,51.63411],[23.543813,51.6438],[23.532444,51.6515],[23.532444,51.658967],[23.541436,51.659742],[23.547534,51.662067],[23.56035,51.671963],[23.555389,51.676304],[23.549291,51.683203],[23.546087,51.689637],[23.550014,51.692427],[23.559213,51.695166],[23.556939,51.701393],[23.550221,51.708421],[23.546604,51.713589],[23.552288,51.736636],[23.556319,51.747359],[23.56035,51.754542],[23.577299,51.766686],[23.59828,51.77467],[23.617504,51.786504],[23.628666,51.809759],[23.610269,51.825184],[23.594559,51.843297],[23.605721,51.851591],[23.609856,51.873269],[23.621845,51.877429],[23.621328,51.882028],[23.620604,51.883217],[23.618847,51.883268],[23.61492,51.88425],[23.621431,51.895567],[23.622155,51.927943],[23.628666,51.946339],[23.647579,51.97409],[23.660705,51.98688],[23.676415,51.994088],[23.664943,52.011168],[23.650783,52.048943],[23.642515,52.061397],[23.641482,52.072921],[23.637451,52.084471],[23.625255,52.089716],[23.61585,52.0923],[23.609856,52.09863],[23.604791,52.106769],[23.598177,52.11452],[23.579366,52.121548]],[[23.579366,52.121548],[23.531928,52.120644]],[[23.56035,51.555304],[23.567171,51.55489]],[[23.606238,51.517399],[23.602311,51.530783],[23.588668,51.535899],[23.572752,51.539672],[23.56035,51.555304]]]}},{"type":"Feature","properties":{},"geometry":{"type":"MultiLineString","coordinates":[[[24.046935,50.829095],[24.067295,50.834831],[24.100472,50.834986],[24.130857,50.839069],[24.143156,50.856432],[24.130237,50.868937],[24.046935,50.898031],[23.979342,50.937512],[23.964356,50.953222],[23.958878,50.966348],[23.957845,50.975339],[23.955054,50.983556],[23.943995,50.994201],[23.9318,50.999472],[23.919087,51.002728],[23.911749,51.00681],[23.915987,51.014665],[23.915987,51.020866],[23.904205,51.062724],[23.895523,51.076108],[23.869271,51.10174],[23.854492,51.121532],[23.858213,51.13073],[23.874749,51.13613],[23.863587,51.148274],[23.816045,51.178789],[23.765195,51.199021],[23.742664,51.216255],[23.687267,51.2924],[23.670214,51.299376],[23.650887,51.299609],[23.635177,51.304699],[23.628666,51.325964],[23.63404,51.339296],[23.647786,51.353998],[23.665563,51.365806],[23.683856,51.370276],[23.677655,51.38379],[23.678895,51.394073],[23.686027,51.40105],[23.697602,51.404435],[23.689437,51.416423],[23.648716,51.453966],[23.647166,51.460193],[23.662772,51.480192],[23.648613,51.486212],[23.630526,51.490424],[23.614817,51.49722],[23.608099,51.511224],[23.606238,51.517399]],[[24.020477,50.838552],[24.046935,50.829095]],[[22.687845,49.155915],[22.681747,49.161238],[22.687121,49.173382],[22.702934,49.195034],[22.717094,49.230433],[22.73394,49.26087],[22.737764,49.275391],[22.724225,49.367065],[22.719781,49.382982],[22.7142,49.39063],[22.692599,49.405513],[22.679576,49.418948],[22.676786,49.424478],[22.673065,49.435847],[22.666864,49.478376],[22.660146,49.493001],[22.640922,49.528761],[22.665831,49.567363],[22.741692,49.633664],[22.758951,49.6656],[22.766186,49.67423],[22.777348,49.680483],[22.798846,49.683273],[22.809801,49.686322],[22.826648,49.697381],[22.888246,49.769728],[22.897961,49.777428],[22.906746,49.7812],[22.924419,49.785438],[22.933101,49.79107],[22.937752,49.798202],[22.945917,49.818356],[22.951188,49.826624],[22.993046,49.854426],[23.101463,49.957107],[23.141254,49.985477],[23.177841,50.003977],[23.207916,50.03395],[23.436429,50.193475],[23.481595,50.215954],[23.536062,50.242774],[23.536165,50.242774],[23.536268,50.242826],[23.536372,50.242826],[23.565311,50.257812],[23.644169,50.312692],[23.658018,50.325611],[23.658677,50.327005],[23.671247,50.353568],[23.682203,50.368245],[23.695742,50.376771],[23.713002,50.382404],[23.747522,50.38938],[23.928699,50.390827],[23.981306,50.40478],[24.003217,50.437698],[24.007764,50.448498],[24.009418,50.461469],[24.007867,50.480744],[24.010658,50.492785],[24.075047,50.514282],[24.09396,50.52715],[24.106466,50.538622],[24.107706,50.540844],[24.102539,50.543634],[24.095407,50.556864],[24.085279,50.604406],[24.10843,50.629882],[24.108165,50.630287],[24.082798,50.669156],[24.074943,50.690189],[24.081041,50.712978],[24.05417,50.717164],[24.026884,50.728016],[24.012828,50.743312],[24.025851,50.76083],[24.025851,50.767032],[23.997946,50.769202],[23.974278,50.776178],[23.959498,50.788891],[23.957638,50.808011],[23.969937,50.825168],[23.992881,50.836226],[24.020477,50.838552]],[[22.855276,48.994013],[22.866955,49.009981],[22.865014,49.013237],[22.863751,49.015356],[22.847525,49.033701],[22.843184,49.043106],[22.844424,49.056697],[22.853519,49.076282],[22.853416,49.084757],[22.841324,49.094886],[22.796469,49.11137],[22.778072,49.12031],[22.748823,49.14558],[22.71637,49.160566],[22.720194,49.161186],[22.721434,49.1616],[22.705725,49.168835]],[[22.705725,49.168835],[22.692496,49.157931],[22.687845,49.155915]],[[22.560721,49.085532],[22.580771,49.08145],[22.618288,49.054216],[22.642886,49.043157],[22.664384,49.041452]],[[22.539637,49.0722],[22.560721,49.085532]],[[22.744482,49.045535],[22.755334,49.044708],[22.765463,49.038403],[22.783963,49.02135],[22.795022,49.019025],[22.812902,49.012875],[22.835019,48.999749],[22.855276,48.994013]],[[22.721951,49.041039],[22.744482,49.045535]],[[22.685778,49.042796],[22.721951,49.041039]],[[22.664384,49.041452],[22.685778,49.042796]]]}},{"type":"Feature","properties":{},"geometry":{"type":"MultiLineString","coordinates":[[[28.148907,56.142414],[28.110976,56.156806]],[[28.110976,56.156806],[28.06824,56.147582],[28.0511,56.140666],[28.023798,56.12965],[27.98101,56.118023],[27.939669,56.113062],[27.92706,56.109367],[27.911453,56.100246],[27.901532,56.089342],[27.892747,56.077095],[27.880654,56.063866],[27.812545,56.034514],[27.781229,56.016375],[27.776991,55.992397],[27.744435,55.959738],[27.64501,55.922841],[27.617156,55.878554],[27.610128,55.83096],[27.601498,55.809618],[27.592713,55.794244],[27.564601,55.792229]],[[27.263018,55.787216],[27.235526,55.795846],[27.173204,55.825741],[27.151448,55.832459],[27.110779,55.836283]],[[27.110779,55.836283],[26.981071,55.826878],[26.979426,55.826291],[26.957817,55.818584],[26.900146,55.778715],[26.842785,55.719339],[26.822838,55.70611],[26.743049,55.682856],[26.720105,55.681874]],[[27.564601,55.792229],[27.438821,55.79874],[27.405851,55.804347],[27.374587,55.814837],[27.349627,55.831219]],[[27.349627,55.831219],[27.329163,55.817576],[27.282448,55.791867],[27.263018,55.787216]],[[26.720105,55.681874],[26.666878,55.693966],[26.64011,55.695568]],[[26.64011,55.695568],[26.615615,55.687971],[26.594531,55.666991]]]}},{"type":"Feature","properties":{},"geometry":{"type":"MultiLineString","coordinates":[[[21.37485,55.28996],[21.405546,55.27239],[21.467661,55.211153],[21.503938,55.19441],[21.60512,55.192498],[21.645841,55.181026],[21.716224,55.149451],[21.733381,55.136326],[21.750641,55.127954],[21.819887,55.119324],[21.85389,55.102219],[21.873217,55.094933],[21.908564,55.089868],[21.932955,55.080463],[21.942774,55.078293]],[[21.267602,55.24867],[21.349839,55.287789],[21.37485,55.28996]],[[22.003442,55.093486],[22.015431,55.088422],[22.018635,55.077311],[22.018635,55.06093],[22.02773,55.044393],[22.049951,55.033541],[22.076823,55.02858]],[[21.942774,55.078293],[21.951352,55.080463],[21.9775,55.091987],[22.003442,55.093486]],[[22.541084,55.075761],[22.565475,55.067803],[22.571165,55.06399],[22.580668,55.057622],[22.591623,55.037624],[22.608366,54.992407],[22.621699,54.970031],[22.633481,54.957939],[22.649914,54.952874]],[[22.436284,55.057777],[22.541084,55.075761]],[[22.251282,55.070852],[22.269884,55.069537],[22.436284,55.057777]],[[22.076823,55.02858],[22.09987,55.029924],[22.118474,55.037779],[22.129843,55.046977],[22.142658,55.054625],[22.251282,55.070852]],[[22.706138,54.953133],[22.715543,54.951376],[22.722054,54.94719],[22.729186,54.940369],[22.738798,54.934116],[22.75213,54.931118],[22.740968,54.917631],[22.749236,54.909879],[22.808871,54.893756],[22.821273,54.885488],[22.829335,54.872724],[22.844321,54.832261],[22.848352,54.813813],[22.845768,54.79614],[22.832849,54.778673],[22.817759,54.769165],[22.78665,54.755987],[22.773007,54.742499],[22.764843,54.737125],[22.747273,54.731596],[22.736731,54.726325],[22.728256,54.725085],[22.724845,54.723379],[22.722778,54.718573],[22.724845,54.713767],[22.727532,54.709323],[22.727015,54.705344],[22.705105,54.686534],[22.700867,54.679558],[22.700764,54.669326],[22.706965,54.646485],[22.708102,54.635633],[22.703658,54.617546],[22.681747,54.5699],[22.674616,54.492282],[22.680403,54.453215],[22.706965,54.418747],[22.76722,54.35627]],[[22.649914,54.952874],[22.706138,54.953133]]]}},{"type":"Feature","properties":{},"geometry":{"type":"MultiLineString","coordinates":[[[28.310912,56.042679],[28.289828,56.046606],[28.269364,56.058207],[28.238462,56.082624],[28.169112,56.125257],[28.148907,56.142414]],[[28.80897,55.934571],[28.73192,55.946793],[28.706392,55.959841],[28.695488,55.98015],[28.690011,56.003895],[28.680606,56.027382],[28.671924,56.037563],[28.637094,56.065726],[28.620713,56.082986],[28.611462,56.088464],[28.594719,56.092391],[28.537824,56.097714]],[[28.537824,56.097714],[28.389771,56.088567],[28.366516,56.07911],[28.333443,56.050249],[28.310912,56.042679]],[[29.433738,55.899535],[29.440559,55.900543],[29.444435,55.906925],[29.441076,55.914934],[29.431567,55.924184],[29.413067,55.937982],[29.395601,55.947723],[29.377411,55.954028],[29.224035,55.978186],[29.192926,55.992139],[29.145435,56.012034],[29.088643,56.023222],[29.030765,56.024178]],[[29.030765,56.024178],[28.980846,56.013533],[28.922451,55.992242],[28.922296,55.992191],[28.922245,55.992191],[28.922141,55.992139],[28.859716,55.976455],[28.833051,55.960978],[28.830881,55.937672],[28.80897,55.934571]],[[29.425573,55.9],[29.433738,55.899535]],[[29.480867,55.681099],[29.461023,55.6873],[29.413067,55.727762],[29.363406,55.751482],[29.350745,55.766055],[29.343614,55.786984],[29.348162,55.802848],[29.371933,55.836386],[29.375654,55.846799],[29.380718,55.871242],[29.384128,55.879949],[29.391983,55.888373],[29.399631,55.891887],[29.407796,55.893876],[29.417408,55.89801],[29.425573,55.9]],[[30.106255,55.821917],[29.988226,55.846799],[29.947712,55.848194]],[[29.947712,55.848194],[29.907817,55.843208],[29.869474,55.830547],[29.844772,55.812563],[29.805705,55.771455],[29.779867,55.763807]],[[29.779867,55.763807],[29.710827,55.773754]],[[29.710827,55.773754],[29.684162,55.770602],[29.585356,55.73802],[29.5081,55.685491],[29.480867,55.681099]]]}},{"type":"Feature","properties":{},"geometry":{"type":"MultiLineString","coordinates":[[[22.698387,54.342937],[22.510388,54.348777],[22.27712,54.356063],[21.998946,54.364667],[21.720772,54.373271],[21.287413,54.386759],[20.929606,54.397818],[20.640838,54.406784],[20.35207,54.415749],[19.964703,54.427842],[19.758256,54.434256],[19.680276,54.436678],[19.63077,54.446652],[19.609548,54.456732]],[[22.76722,54.35627],[22.698387,54.342937]]]}},{"type":"Feature","properties":{},"geometry":{"type":"MultiLineString","coordinates":[[[28.181825,59.356068],[28.186475,59.37493],[28.175365,59.381855],[28.149578,59.393172],[28.137796,59.400355],[28.128391,59.40945],[28.104827,59.439215],[28.083433,59.450894],[28.038578,59.462987],[28.019054,59.481757]],[[28.157537,59.364026],[28.181825,59.356068]],[[28.073201,59.318964],[28.000647,59.333744],[28.032376,59.34196],[28.11356,59.345423],[28.157537,59.364026]],[[28.076611,59.30527],[28.096869,59.319429]],[[28.096869,59.319429],[28.073201,59.318964]],[[27.959719,59.306459],[28.076611,59.30527]],[[27.352935,57.527601],[27.344976,57.538091],[27.335571,57.553904],[27.328543,57.57057],[27.328027,57.583153],[27.336605,57.591731],[27.348904,57.594057],[27.362546,57.594548],[27.374845,57.597855],[27.38208,57.602687],[27.384871,57.606976],[27.386989,57.627646],[27.385129,57.631212],[27.382804,57.634468],[27.38022,57.647723],[27.377946,57.651702],[27.377016,57.656714],[27.379703,57.666455],[27.384664,57.674388],[27.391434,57.680201],[27.407712,57.688986],[27.490394,57.704618],[27.507757,57.714773],[27.508894,57.727459],[27.497835,57.755675],[27.502435,57.772547],[27.512408,57.781306],[27.526154,57.787275],[27.553853,57.794768],[27.532562,57.805077],[27.524604,57.8073],[27.537626,57.811563],[27.556343,57.813087],[27.700717,57.824844],[27.763452,57.838667],[27.78681,57.847581],[27.799316,57.861069],[27.790841,57.880861],[27.774408,57.890705],[27.673122,57.912823],[27.664957,57.918404],[27.659376,57.93246],[27.6632,57.943958],[27.670435,57.954965],[27.675189,57.967806],[27.669091,57.991965],[27.650643,58.000078],[27.631574,58.004161],[27.630127,58.032996],[27.636587,58.059196],[27.630437,58.08829],[27.579691,58.125859],[27.540003,58.171799],[27.519585,58.19451],[27.495355,58.22146],[27.482849,58.268641],[27.494115,58.319542],[27.554886,58.395248],[27.498869,58.534568],[27.449259,58.65854],[27.428849,58.709403],[27.410606,58.754864],[27.446269,58.818867],[27.477785,58.875426],[27.605322,58.934698],[27.694412,58.975936],[27.695889,58.977183],[27.713326,58.991904],[27.724385,59.014435],[27.767173,59.055931],[27.784329,59.07717],[27.842414,59.161196],[27.873523,59.236489],[27.890783,59.258038],[27.882308,59.275659],[27.903909,59.290387],[27.959719,59.306459]]]}},{"type":"Feature","properties":{},"geometry":{"type":"MultiLineString","coordinates":[[[12.453031,41.903915],[12.453983,41.903862],[12.454035,41.902752],[12.453137,41.902752]],[[12.453137,41.902752],[12.452714,41.903016],[12.452767,41.903439],[12.453031,41.903915]]]}},{"type":"Feature","properties":{},"geometry":{"type":"LineString","coordinates":[[14.200819,53.878157],[14.192756,53.893766],[14.175289,53.906478],[14.184798,53.908132],[14.193066,53.911491],[14.210076,53.938457]]}},{"type":"Feature","properties":{},"geometry":{"type":"LineString","coordinates":[[20.924569,55.282658],[20.989431,55.273116]]}},{"type":"Feature","properties":{},"geometry":{"type":"LineString","coordinates":[[13.64282,45.459448],[13.624107,45.462745],[13.589529,45.488837]]}},{"type":"Feature","properties":{},"geometry":{"type":"MultiLineString","coordinates":[[[16.515302,46.501711],[16.491117,46.515146],[16.481298,46.519022],[16.470756,46.520262],[16.449052,46.51835],[16.440371,46.519022],[16.431999,46.523208],[16.415153,46.535559],[16.406264,46.539486],[16.394895,46.540106],[16.382183,46.539383],[16.369471,46.540571],[16.357895,46.546979],[16.351694,46.539486],[16.351254,46.539922],[16.344149,46.546979],[16.340276,46.543827],[16.32999,46.535455],[16.310663,46.530985],[16.295367,46.524448],[16.263947,46.515922],[16.260931,46.513576],[16.234905,46.493339],[16.234188,46.484892],[16.233665,46.47874],[16.237489,46.465072],[16.249375,46.437528],[16.250098,46.429441],[16.248238,46.413344],[16.250925,46.404998],[16.257023,46.399908],[16.274076,46.392105],[16.278727,46.387351],[16.279936,46.378661],[16.280277,46.376214],[16.275626,46.373165],[16.252785,46.373424],[16.217129,46.367352],[16.208654,46.367093],[16.191807,46.369781],[16.177544,46.375594],[16.153567,46.391433],[16.143851,46.394714],[16.131552,46.393061],[16.123181,46.386885],[16.115533,46.379289],[16.106024,46.373734],[16.094345,46.372261],[16.088654,46.373086],[16.057965,46.377532],[16.057448,46.359652],[16.059722,46.345312],[16.059619,46.332315],[16.052384,46.318595],[16.049922,46.316735],[16.038948,46.308441],[16.019208,46.298829],[15.998434,46.291542],[15.993668,46.290613],[15.982001,46.288339],[15.948721,46.284204],[15.918903,46.272827],[15.883712,46.2594],[15.880895,46.259341],[15.879323,46.259308],[15.834206,46.258366],[15.81829,46.255524],[15.803097,46.250511],[15.799526,46.248607],[15.789144,46.24307],[15.768887,46.21935],[15.749767,46.210772],[15.677975,46.214462],[15.661297,46.21532],[15.639799,46.207672],[15.626571,46.19521],[15.62285,46.191704],[15.604349,46.167002],[15.589983,46.138684],[15.58988,46.113517],[15.603833,46.090986],[15.623605,46.076415],[15.631531,46.070574],[15.643727,46.06551],[15.671735,46.057397],[15.683931,46.051144],[15.69288,46.041636],[15.697987,46.036209],[15.693646,46.025771],[15.681967,46.013523],[15.674319,45.993318],[15.674216,45.993163],[15.675381,45.972486],[15.67711,45.941796],[15.67556,45.925157],[15.670392,45.912651],[15.663364,45.900817],[15.659436,45.888828],[15.663674,45.876064],[15.675456,45.855962],[15.676076,45.841699],[15.666051,45.831674],[15.645587,45.824129],[15.626054,45.820202],[15.587296,45.81922],[15.549748,45.823693],[15.523527,45.826816],[15.513916,45.823406],[15.495312,45.812657],[15.48539,45.810176],[15.473918,45.811572],[15.462549,45.814207],[15.451284,45.815137],[15.440328,45.811468],[15.435574,45.802115],[15.439502,45.791676],[15.441052,45.782168],[15.429755,45.775691],[15.429063,45.775295],[15.331031,45.752486],[15.303799,45.746149],[15.263492,45.730388],[15.255017,45.723463],[15.249913,45.713732],[15.248919,45.711836],[15.250883,45.70765],[15.258221,45.705118],[15.267832,45.698452],[15.277754,45.685016],[15.283025,45.680107],[15.291914,45.675559],[15.304936,45.672149],[15.30907,45.674164],[15.310414,45.678195],[15.314961,45.680882],[15.327054,45.683156],[15.330774,45.684551],[15.333875,45.682639],[15.350034,45.669619],[15.351962,45.668066],[15.368291,45.649049],[15.373769,45.640213],[15.353099,45.640316],[15.339146,45.636905],[15.326744,45.632255],[15.297391,45.625692],[15.291604,45.61825],[15.287883,45.610344],[15.281062,45.606158],[15.268556,45.601662],[15.269589,45.593446],[15.276721,45.582697],[15.282179,45.571494],[15.282612,45.570605],[15.288606,45.54456],[15.296668,45.522959],[15.311034,45.505906],[15.361367,45.482031],[15.351755,45.47614],[15.333875,45.458518],[15.325193,45.452834],[15.314031,45.450509],[15.281578,45.450974],[15.225849,45.43645],[15.18422,45.4256]],[[15.18422,45.4256],[15.139262,45.430045],[15.066128,45.473934],[15.056166,45.479912],[15.007383,45.480843],[14.997461,45.487199],[14.986299,45.490868],[14.977341,45.491728],[14.962631,45.493142],[14.945372,45.50451],[14.922634,45.514949],[14.904444,45.514432],[14.900826,45.493142],[14.881603,45.469784],[14.838815,45.458983],[14.797164,45.465185],[14.781454,45.493142],[14.781351,45.493193],[14.781247,45.493348],[14.781144,45.493348],[14.688333,45.522029],[14.668489,45.533966],[14.668179,45.539134],[14.671693,45.556807],[14.669833,45.564558],[14.664045,45.570036],[14.663675,45.570187],[14.657327,45.572775],[14.650299,45.574842],[14.615986,45.594066],[14.603067,45.603574],[14.593868,45.616183],[14.592938,45.629671],[14.594075,45.648016],[14.591905,45.663364],[14.580949,45.667808],[14.569095,45.664252],[14.563896,45.662692],[14.556145,45.656697],[14.543639,45.63644],[14.533097,45.625692],[14.507879,45.605848],[14.498577,45.596184],[14.492273,45.58342],[14.491502,45.579165],[14.487415,45.5566],[14.482144,45.542441],[14.468915,45.525594],[14.429744,45.505389],[14.411244,45.493193],[14.372797,45.477845],[14.326805,45.4749],[14.280399,45.481101],[14.240608,45.493348],[14.218698,45.497172],[14.193066,45.491901],[14.145524,45.476243],[14.119686,45.472884],[14.117321,45.472976],[14.116747,45.472998],[14.092917,45.473918],[14.066665,45.480274],[14.041551,45.493142],[14.041551,45.493193],[14.028322,45.50265],[14.013956,45.507973],[13.987476,45.511909],[13.971891,45.514226],[13.964966,45.51097],[13.961452,45.50389],[13.961452,45.493142],[13.98264,45.475313],[13.969824,45.462963],[13.923005,45.448958],[13.908432,45.438881],[13.899647,45.429218],[13.889002,45.423637],[13.835568,45.429114],[13.819859,45.432628],[13.806526,45.442137],[13.759294,45.463169],[13.65997,45.459978],[13.64292,45.45943]]]}},{"type":"Feature","properties":{},"geometry":{"type":"LineString","coordinates":[[19.052943,45.345395],[19.067199,45.343425],[19.082956,45.339224],[19.096229,45.329121],[19.098813,45.319871],[19.104147,45.298726],[19.158482,45.276171],[19.197179,45.264923]]}},{"type":"Feature","properties":{},"geometry":{"type":"LineString","coordinates":[[19.259907,45.242973],[19.28975,45.23631],[19.378073,45.229592],[19.397296,45.223287],[19.407838,45.203133],[19.405358,45.179672],[19.393929,45.171624],[19.390682,45.169337],[19.304279,45.166547],[19.299421,45.168975],[19.291359,45.177709],[19.286709,45.179517],[19.279474,45.177244],[19.275753,45.172851],[19.272756,45.168355],[19.267795,45.165823],[19.225937,45.161947],[19.204543,45.162878],[19.185319,45.168045],[19.174571,45.175797],[19.155761,45.194969],[19.143875,45.199516],[19.121861,45.195795],[19.128785,45.181068],[19.141705,45.162154],[19.137674,45.146031],[19.116073,45.142879],[19.060056,45.146858],[19.044863,45.137246],[19.046207,45.128358],[19.054165,45.120606],[19.064087,45.113578],[19.071528,45.107067],[19.079176,45.094613],[19.082277,45.084949],[19.085997,45.06092],[19.094266,45.031413],[19.095402,45.020922],[19.093232,45.011517],[19.088478,44.999477],[19.085171,44.987281],[19.087238,44.977101],[19.09809,44.970021],[19.118554,44.97555],[19.127649,44.968419],[19.131679,44.953175],[19.124548,44.94594],[19.113076,44.942426],[19.103567,44.93824],[19.087858,44.919326],[19.078659,44.910852],[19.06667,44.905684],[19.052098,44.906976],[19.031944,44.922634],[19.018405,44.925683],[18.991429,44.914934],[18.994323,44.894832],[19.015821,44.865635]]}},{"type":"Feature","properties":{},"geometry":{"type":"LineString","coordinates":[[19.007523,45.359534],[19.014162,45.353423],[19.03024,45.345137],[19.052943,45.345395]]}},{"type":"Feature","properties":{},"geometry":{"type":"LineString","coordinates":[[19.197179,45.264923],[19.259907,45.242973]]}},{"type":"Feature","properties":{},"geometry":{"type":"MultiLineString","coordinates":[[[-7.104859,38.827192],[-7.088684,38.833367],[-7.07654,38.843237],[-7.064293,38.851118],[-7.056076,38.855149],[-7.057265,38.869437],[-7.0522,38.884992],[-7.06605,38.904603],[-7.044501,38.918633],[-7.022125,38.94287],[-6.988638,38.993771],[-6.97882,39.003822],[-6.973291,39.013951],[-6.974893,39.02302],[-6.986313,39.030074],[-6.979388,39.047178],[-6.985693,39.066764],[-6.999697,39.084696],[-7.015769,39.096814],[-7.038816,39.109138],[-7.064913,39.114771]],[[-7.064913,39.114771],[-7.091268,39.112446],[-7.115194,39.101103],[-7.127286,39.097485],[-7.142531,39.099527],[-7.157207,39.105444],[-7.167491,39.113479],[-7.168886,39.121851],[-7.15793,39.141385],[-7.155812,39.151513],[-7.168059,39.170633],[-7.191572,39.17916],[-7.219322,39.184844],[-7.244127,39.195645],[-7.258079,39.211303],[-7.265779,39.231353],[-7.264332,39.252334],[-7.250845,39.270627],[-7.300454,39.317911],[-7.319264,39.329538],[-7.326654,39.341321],[-7.331408,39.362611],[-7.331925,39.384729],[-7.326706,39.398837],[-7.318851,39.413254],[-7.313632,39.436095],[-7.313528,39.457438],[-7.320918,39.467411],[-7.362931,39.476093],[-7.38417,39.483999],[-7.399414,39.493663],[-7.408923,39.515574],[-7.417553,39.524204],[-7.451349,39.537846],[-7.468092,39.550249],[-7.497858,39.581048],[-7.515841,39.59376],[-7.548243,39.663213],[-7.555872,39.677207],[-7.557286,39.679801],[-7.341433,39.671843],[-7.327843,39.674789],[-7.311409,39.680318],[-7.292754,39.683315],[-7.25286,39.682333],[-7.235755,39.686519],[-7.214051,39.676184],[-7.18289,39.675099],[-7.035767,39.689258],[-7.021143,39.694012],[-7.009619,39.715458],[-7.010704,39.722796],[-7.01365,39.729617],[-7.01334,39.738919],[-7.008741,39.748324],[-6.996803,39.764706],[-6.993031,39.774214],[-6.994581,39.782586],[-6.99887,39.791784],[-7.000266,39.802533],[-6.993031,39.816072],[-6.985228,39.821136],[-6.962335,39.828526],[-6.952827,39.832867],[-6.92766,39.861909],[-6.92425,39.871573],[-6.923474,39.888316],[-6.921769,39.897152],[-6.921562,39.902165],[-6.925128,39.912242],[-6.925231,39.917926],[-6.922286,39.922422],[-6.912571,39.928107],[-6.909522,39.931982],[-6.903682,39.956684],[-6.899755,39.965624],[-6.901615,39.976476],[-6.896913,39.987121],[-6.879705,40.009187],[-6.919909,40.064894],[-6.94213,40.08634],[-6.955721,40.102928],[-6.966418,40.110318],[-6.977166,40.113418],[-7.003676,40.116312],[-7.015769,40.119051],[-7.027654,40.132642],[-7.034837,40.166748],[-7.043105,40.181373],[-7.034579,40.193052],[-7.02476,40.216203],[-7.015769,40.225504],[-6.997785,40.231706],[-6.954687,40.253358],[-6.942101,40.254978],[-6.935412,40.255839],[-6.915826,40.254443],[-6.896448,40.255477],[-6.878051,40.265244],[-6.875105,40.271238],[-6.874509,40.279188],[-6.873865,40.287775],[-6.870196,40.295526],[-6.863943,40.300952],[-6.820793,40.325343],[-6.811957,40.33232],[-6.794438,40.356401],[-6.82808,40.380585],[-6.851283,40.409524],[-6.857122,40.442132],[-6.838673,40.47722],[-6.815316,40.502542],[-6.812525,40.514634],[-6.818055,40.531894],[-6.828545,40.545537],[-6.839759,40.55458],[-6.848389,40.56476],[-6.850456,40.582227],[-6.844461,40.597781],[-6.82131,40.630183],[-6.814282,40.647184],[-6.814231,40.659328],[-6.816246,40.677156],[-6.824307,40.710694],[-6.836968,40.743302],[-6.839139,40.757513],[-6.839139,40.776892],[-6.837278,40.786762],[-6.834539,40.79224],[-6.833506,40.797821],[-6.836813,40.808311],[-6.838053,40.814926],[-6.836658,40.840247],[-6.820328,40.844226],[-6.816194,40.856835],[-6.821155,40.870065],[-6.832059,40.875904],[-6.847045,40.878901],[-6.855262,40.887221],[-6.863633,40.908305],[-6.885182,40.948923],[-6.899238,40.966751],[-6.930606,40.992073],[-6.940424,41.00339],[-6.942491,41.015999],[-6.931794,41.029125],[-6.927867,41.047935],[-6.927448,41.048098],[-6.906835,41.0561],[-6.845288,41.051914],[-6.818003,41.054136],[-6.80436,41.06442],[-6.764776,41.108861],[-6.756508,41.127051],[-6.758988,41.151753],[-6.755216,41.158833],[-6.742245,41.171442],[-6.70695,41.194334],[-6.701266,41.202447],[-6.693773,41.217382],[-6.658219,41.257845],[-6.646644,41.267611],[-6.628919,41.269937],[-6.563496,41.270712],[-6.554453,41.275621],[-6.495852,41.294948],[-6.463141,41.31412],[-6.430998,41.339028],[-6.399579,41.377475],[-6.395496,41.378406],[-6.383197,41.376545],[-6.379167,41.377475],[-6.376738,41.383005],[-6.375549,41.390808],[-6.376169,41.396854],[-6.379167,41.397319],[-6.366248,41.405174],[-6.352347,41.409256],[-6.321134,41.411013],[-6.321031,41.419592],[-6.282945,41.465635],[-6.28248,41.472302],[-6.285167,41.478968],[-6.285891,41.486874],[-6.279534,41.497003],[-6.253645,41.517519],[-6.205947,41.57028],[-6.216127,41.580099],[-6.23008,41.594904],[-6.272248,41.628235],[-6.317103,41.650146],[-6.365937,41.663608],[-6.447069,41.676243],[-6.460815,41.676553],[-6.46774,41.672057],[-6.474355,41.665933],[-6.488049,41.658802],[-6.503035,41.653092],[-6.513422,41.650921],[-6.541534,41.658905],[-6.55528,41.674899],[-6.560499,41.694459],[-6.563083,41.713036],[-6.567682,41.722442],[-6.574349,41.731046],[-6.577397,41.739727],[-6.571506,41.74921],[-6.564375,41.757504],[-6.560137,41.766883],[-6.535746,41.848584],[-6.524222,41.86742],[-6.550061,41.873879],[-6.567889,41.875869],[-6.575795,41.882897],[-6.567631,41.926072],[-6.571661,41.942609],[-6.585149,41.95465],[-6.609488,41.962324],[-6.622821,41.940955],[-6.656772,41.933075],[-6.727983,41.930853],[-6.757903,41.93757],[-6.794387,41.979713],[-6.824928,41.983769],[-6.831232,41.953952],[-6.854952,41.942945],[-6.917118,41.939095],[-6.945127,41.943358],[-6.969518,41.957698],[-6.983456,41.962996],[-6.992359,41.96638],[-7.015769,41.953668],[-7.05127,41.942015],[-7.082741,41.952789],[-7.113179,41.972426],[-7.145373,41.98749],[-7.159739,41.985733],[-7.177309,41.978369],[-7.192605,41.96961],[-7.199943,41.963719],[-7.202114,41.94974],[-7.195654,41.917365],[-7.197928,41.9015],[-7.209316,41.889161],[-7.21865,41.879047],[-7.251465,41.863699],[-7.322468,41.845406],[-7.340503,41.843209],[-7.376832,41.844036],[-7.391921,41.842047],[-7.405409,41.835199],[-7.429542,41.814503],[-7.442719,41.805951],[-7.446957,41.821841],[-7.456569,41.83923],[-7.469384,41.852537],[-7.483285,41.856206],[-7.493,41.856904],[-7.508142,41.864939],[-7.515841,41.864991],[-7.523283,41.860159],[-7.525247,41.854165],[-7.526332,41.847369],[-7.531551,41.84016],[-7.546692,41.832047],[-7.567104,41.826595],[-7.588395,41.824218],[-7.606068,41.825536],[-7.622192,41.832331],[-7.622812,41.841737],[-7.60736,41.873182],[-7.661156,41.874913],[-7.678674,41.881347],[-7.706372,41.896255],[-7.72203,41.899252],[-7.750142,41.888375],[-7.812154,41.877135],[-7.839233,41.878375],[-7.849723,41.875765],[-7.854425,41.870262],[-7.857888,41.863777],[-7.864812,41.857885],[-7.896593,41.857937],[-7.903363,41.886824],[-7.906102,41.913851],[-7.925791,41.908167],[-7.930493,41.896669],[-7.935351,41.879951],[-7.944756,41.866955],[-7.963359,41.866619],[-7.979431,41.868608],[-7.993642,41.863673],[-8.005889,41.853958]]]}},{"type":"Feature","properties":{},"geometry":{"type":"LineString","coordinates":[[-7.414418,37.192816],[-7.429387,37.236746],[-7.434244,37.259329],[-7.427578,37.274522],[-7.437448,37.307336],[-7.444993,37.386763],[-7.462253,37.417872],[-7.460031,37.429138],[-7.462925,37.451126],[-7.468868,37.475569],[-7.475947,37.49425],[-7.481477,37.500374],[-7.498633,37.511665],[-7.506333,37.518124],[-7.514613,37.528334],[-7.515428,37.529338],[-7.517547,37.535178],[-7.518425,37.541947],[-7.52367,37.555667],[-7.527598,37.555512],[-7.529122,37.556701],[-7.529691,37.567165],[-7.526487,37.571196],[-7.515841,37.580937],[-7.514653,37.585872],[-7.512534,37.590368],[-7.511759,37.595277],[-7.514343,37.601401],[-7.504886,37.606388],[-7.478479,37.628867],[-7.471606,37.636903],[-7.466335,37.651966],[-7.45755,37.700077],[-7.444011,37.730153],[-7.426338,37.750617],[-7.334405,37.811931],[-7.306862,37.850766],[-7.295803,37.884872],[-7.273892,37.931536],[-7.268621,37.949235],[-7.269086,37.959441],[-7.272135,37.96895],[-7.272704,37.977011],[-7.265831,37.982954],[-7.23405,37.98807],[-7.223301,37.993832],[-7.21033,37.993031],[-7.197618,37.98993],[-7.185267,37.98869],[-7.172865,37.993832],[-7.159739,37.996803],[-7.152246,38.000653],[-7.141911,38.011583],[-7.131989,38.032383],[-7.123256,38.040005],[-7.105944,38.038661],[-7.049358,38.020213],[-7.023985,38.022564],[-7.015769,38.046826],[-7.006363,38.059332],[-6.99763,38.089614],[-6.978975,38.119948],[-6.965487,38.153331],[-6.957633,38.168162],[-6.947504,38.196636],[-6.950576,38.198386],[-6.964196,38.206145],[-6.992101,38.204284],[-7.018146,38.198031],[-7.02104,38.198238],[-7.026414,38.199633],[-7.038713,38.186223],[-7.063053,38.177542],[-7.088322,38.173382],[-7.103515,38.173588],[-7.117068,38.183633],[-7.126873,38.1909],[-7.167181,38.272084],[-7.1724,38.276528],[-7.189453,38.286527],[-7.196326,38.29216],[-7.200667,38.298387],[-7.207126,38.311694],[-7.211364,38.317533],[-7.317146,38.424581],[-7.345516,38.440962],[-7.35921,38.446362],[-7.344844,38.458326],[-7.335181,38.469436],[-7.334095,38.481011],[-7.345619,38.494137],[-7.335801,38.505868],[-7.317714,38.556252],[-7.275856,38.60382],[-7.27043,38.617696]]}}]}